,P_name,Color,Storage,Ram,Ratings,Display,Battery,Price
0,Google Pixel 10 Pro,Moonstone,256 GB,16,279,16.0,4870,"1,09,999"
1,Google Pixel 10 Pro,Obsidian,256 GB,16,279,16.0,4870,"1,09,999"
2,POCO C71,Desert Gold,64 GB,4,"51,366",17.48,5200,"6,199"
3,POCO C71,Power Black,64 GB,4,"51,366",17.48,5200,"6,199"
4,Google Pixel 10 Pro,Jade,256 GB,16,279,16.0,4870,"1,09,999"
5,POCO C71,Cool Blue,128 GB,6,"26,759",17.48,5200,"6,799"
6,POCO M7 5G,Ocean Blue,128 GB,6,"64,592",17.48,5160,"8,999"
7,POCO C71,Power Black,128 GB,6,"26,759",17.48,5200,"6,799"
8,Apple iPhone 16,Pink,128 GB,N/A,"1,90,019",15.49,N/A,"69,900"
9,POCO M7 5G,Satin Black,128 GB,6,"64,592",17.48,5160,"8,999"
10,MOTOROLA g35 5G,Leaf Green,128 GB,4,"1,10,309",17.07,5000,"9,999"
11,Samsung Galaxy A35 5G,Awesome Lilac,256 GB,8,"61,682",16.76,5000,"20,499"
12,POCO M7 Pro 5G,Lunar Dust,128 GB,6,"32,172",16.94,5110,"12,499"
13,POCO M7 Pro 5G,Lavender Frost,256 GB,8,"12,472",16.94,5110,"14,499"
14,Samsung Galaxy A35 5G,Awesome Iceblue,128 GB,8,"61,682",16.76,5000,"18,499"
15,POCO M7 5G,Mint Green,128 GB,6,"64,592",17.48,5160,"8,999"
16,realme C61,Safari Green,64 GB,4,"37,438",17.13,5000,"6,999"
17,realme P3x 5G,Stellar Pink,128 GB,6,"65,918",17.07,6000,"16,999"
18,POCO C71,Cool Blue,64 GB,4,"51,366",17.48,5200,"6,199"
19,POCO M7 Pro 5G,Lavender Frost,128 GB,6,"32,172",16.94,5110,"12,499"
20,Samsung Galaxy F07,Green,64 GB,4,"1,592",17.02,5000,"6,799"
21,MOTOROLA G96 5G,Pantone Ashleigh Blue,256 GB,8,"73,620",16.94,5500,"19,999"
22,POCO M7 5G,Mint Green,128 GB,8,"13,559",17.48,5160,"9,999"
23,Ai+ Pulse,Sparkle Red,64 GB,4,"37,365",17.13,5000,"5,999"
24,POCO M6 Plus 5G,Ice Silver,128 GB,8,"16,249",17.25,5030,"10,749"
25,Ai+ Pulse,Blue,64 GB,4,"37,365",17.13,5000,"5,999"
26,Google Pixel 10 Pro,Moonstone,256 GB,16,279,16.0,4870,"1,09,999"
27,Google Pixel 10 Pro,Obsidian,256 GB,16,279,16.0,4870,"1,09,999"
28,realme Narzo 80 Lite 5G,Onyx Black,128 GB,4,527,16.94,6000,"10,595"
29,realme P3x 5G,Midnight Blue,128 GB,6,"65,918",17.07,6000,"16,999"
30,Google Pixel 10 Pro,Jade,256 GB,16,279,16.0,4870,"1,09,999"
31,Apple iPhone 16,Pink,256 GB,N/A,"1,90,019",15.49,N/A,"79,900"
32,Samsung Galaxy S24 FE 5G,Graphite,128 GB,8,"69,294",17.02,4700,"31,999"
33,MOTOROLA g57 power 5G,Pantone Fluidity,128 GB,8,"1,564",17.07,7000,"13,999"
34,MOTOROLA g35 5G,Midnight Black,128 GB,4,"1,10,309",17.07,5000,"9,999"
35,Apple iPhone 16,Teal,128 GB,N/A,"1,90,019",15.49,N/A,"69,900"
36,MOTOROLA g57 power 5G,Pantone Corsair,128 GB,8,"1,564",17.07,7000,"13,999"
37,MOTOROLA G86 Power 5G,Pantone Spellbound,128 GB,8,"22,611",17.02,6720,"16,999"
38,MOTOROLA g05,Plum Red,64 GB,4,"72,132",16.94,5100,"7,299"
39,POCO C75 5G,Silver Stardust,64 GB,4,"1,36,835",17.48,5160,"7,799"
40,POCO C75 5G,Aqua Bliss,128 GB,4,"1,36,835",17.48,5160,"8,499"
41,MOTOROLA Edge 60 Fusion 5G,PANTONE Slipstream,256 GB,8,"1,08,444",16.94,5500,"22,999"
42,Motorola G85 5G,Olive Green,128 GB,8,"2,54,695",16.94,5000,"15,999"
43,realme 15x 5G,Maroon Red,128 GB,6,"3,059",17.27,7000,"17,499"
44,Ai+ Pulse,Black,64 GB,4,"37,365",17.13,5000,"5,999"
45,Samsung Galaxy S24 FE 5G,Blue,128 GB,8,"69,294",17.02,4700,"31,999"
46,POCO C71,Desert Gold,128 GB,6,"26,759",17.48,5200,"6,799"
47,Nokia 105 Classic without Charger,N/A,N/A,N/A,"7,020",4.5,800,"1,009"
48,POCO M7 5G,Satin Black,128 GB,8,"13,559",17.48,5160,"9,999"
49,POCO C75 5G,Aqua Bliss,64 GB,4,"1,36,835",17.48,5160,"7,799"
50,Google Pixel 10 Pro,Moonstone,256 GB,16,279,16.0,4870,"1,09,999"
51,Google Pixel 10 Pro,Obsidian,256 GB,16,279,16.0,4870,"1,09,999"
52,REDMI A5,Jaisalmer Gold,64 GB,3,"5,856",17.48,5200,"6,499"
53,Jmax NANO,N/A,N/A,N/A,436,1.68,800,777
54,REDMI Note 14 SE 5G,Crimson Art,128 GB,6,"17,764",16.94,5110,"13,499"
55,Samsung Galaxy A55 5G,Awesome Iceblue,256 GB,8,"5,304",16.76,5000,"26,916"
56,Google Pixel 10 Pro,Jade,256 GB,16,279,16.0,4870,"1,09,999"
57,MOTOROLA g06 power,Tapestry,64 GB,4,"2,278",17.48,7000,"7,999"
58,realme P3x 5G,Midnight Blue,128 GB,8,"21,808",17.07,6000,"17,999"
59,realme P4 5G,Engine Blue,128 GB,6,"16,488",17.2,7000,"17,999"
60,OnePlus Nord CE5 5G,Black Infinity,128 GB,8,"5,360",17.2,7100,"24,993"
61,MOTOROLA G96 5G,Pantone Greener Pastures,256 GB,8,"73,620",16.94,5500,"19,999"
62,realme P3 Lite 5G Charger in the Box,Midnight Lily,128 GB,6,"8,592",16.94,6000,"11,499"
63,Samsung Galaxy S24 5G Snapdragon,Cobalt Violet,128 GB,8,"44,953",15.75,4000,"40,999"
64,vivo T4x 5G,Marine Blue,256 GB,8,"1,41,947",17.07,6500,"18,499"
65,OPPO K13x 5G 6000mAh and 45W SUPERVOOC Charger & AI,Sunset Peach,128 GB,4,"19,974",16.94,6000,"12,499"
66,MOTOROLA g35 5G,Midnight Black,128 GB,8,"3,586",17.07,5000,"12,499"
67,POCO M7 Plus 5G,Chrome Silver,128 GB,8,"2,846",17.53,7000,"13,999"
68,Samsung Galaxy S24 5G Snapdragon,Cobalt Violet,256 GB,8,"44,953",15.75,4000,"45,999"
69,realme 14 Pro+ 5G,Emerald Drift,256 GB,8,"16,096",17.35,6000,"23,999"
70,REDMI A5,Jaisalmer Gold,128 GB,4,"4,176",17.48,5200,"7,499"
71,Samsung Galaxy A35 5G,Awesome Navy,128 GB,8,"61,682",16.76,5000,"18,499"
72,POCO C75 5G,Enchanted Green,64 GB,4,"1,36,835",17.48,5160,"7,799"
73,POCO M6 Plus 5G,Graphite Black,128 GB,8,"16,249",17.25,5030,"10,836"
74,vivo T4 5G,Phantom Grey,256 GB,8,"86,886",17.2,7300,"24,999"
75,realme Narzo 80 Lite 5G,Crystal Purple,128 GB,6,"4,296",16.94,6000,"10,999"
76,Google Pixel 10 Pro,Moonstone,256 GB,16,279,16.0,4870,"1,09,999"
77,Google Pixel 10 Pro,Obsidian,256 GB,16,279,16.0,4870,"1,09,999"
78,POCO M7 Pro 5G,Olive Twilight,128 GB,6,"32,172",16.94,5110,"12,499"
79,Apple iPhone 16,Black,128 GB,N/A,"1,90,019",15.49,N/A,"69,900"
80,Google Pixel 10 Pro,Jade,256 GB,16,279,16.0,4870,"1,09,999"
81,POCO M6 Plus 5G,Misty Lavender,128 GB,8,"16,249",17.25,5030,"10,999"
82,OnePlus Nord CE4 lite 5G,SUPER SILVER,128 GB,8,"35,180",16.94,5500,"18,890"
83,POCO X7 Pro 5G,Nebula Green,256 GB,12,"7,614",16.94,6550,"23,999"
84,POCO F7 5G,Phantom Black,512 GB,12,"17,498","Display
-6.83","Battery
7550mAh,","32,999"
85,POCO M7 Pro 5G,Olive Twilight,256 GB,8,"12,472",16.94,5110,"14,499"
86,realme C71,Sea Blue,128 GB,6,"7,092",17.14,6300,"9,699"
87,realme P3 Lite 5G Charger in the Box,Lily White,128 GB,4,"5,771",16.94,6000,"10,499"
88,CMF by Nothing Phone 2 Pro,Orange,256 GB,8,"61,053",17.2,5000,"19,499"
89,realme P3x 5G,Lunar Silver,128 GB,6,"65,918",17.07,6000,"16,999"
90,vivo T4x 5G,Pronto Purple,128 GB,8,"1,41,947",17.07,6500,"16,499"
91,realme 15 Pro 5G,Flowing Silver,256 GB,8,"7,494",17.27,7000,"33,999"
92,Samsung Galaxy F06 5G,Bahama Blue,128 GB,4,"36,338",17.02,5000,"9,999"
93,Samsung Galaxy S24 5G Snapdragon,Marble Gray,256 GB,8,"44,953",15.75,4000,"45,999"
94,Nothing Phone,3a,N/A,8,"51,529",43.66,5000,"24,999"
95,MOTOROLA Edge 60 Stylus,PANTONE Surf the Web,256 GB,8,"12,898",16.94,5000,"19,999"
96,Google Pixel 10 Pro,Moonstone,256 GB,16,279,16.0,4870,"1,09,999"
97,Google Pixel 10 Pro,Obsidian,256 GB,16,279,16.0,4870,"1,09,999"
98,vivo T4x 5G,Glacial Teal,256 GB,8,"1,41,947",17.07,6500,"18,499"
99,vivo T4x 5G,Marine Blue,256 GB,8,"1,41,947",17.07,6500,"18,499"
100,Google Pixel 10 Pro,Jade,256 GB,16,279,16.0,4870,"1,09,999"
101,OPPO K13x 5G 6000mAh and 45W SUPERVOOC Charger & AI,Sunset Peach,128 GB,6,"76,997",16.94,6000,"13,999"
102,realme P3x 5G,Lunar Silver,128 GB,8,"21,808",17.07,6000,"17,999"
103,realme Narzo 80 Lite 5G,Crystal Purple,128 GB,6,"4,296",16.94,6000,"10,999"
104,vivo T4x 5G,Marine Blue,128 GB,8,"1,41,947",17.07,6500,"16,499"
105,POCO C71,Desert Gold,64 GB,4,"51,366",17.48,5200,"6,199"
106,vivo T4x 5G,Pronto Purple,128 GB,6,"1,90,437",17.07,6500,"15,499"
107,POCO M7 5G,Ocean Blue,128 GB,8,"13,559",17.48,5160,"9,999"
108,realme Narzo 80 Lite 5G,Onyx Black,128 GB,6,"4,296",16.94,6000,"10,999"
109,Samsung Galaxy S24 5G Snapdragon,Amber Yellow,128 GB,8,"44,953",15.75,4000,"40,999"
110,vivo T4 Lite 5G Charger in the Box,Prism Blue,128 GB,6,"50,175",17.12,6000,"12,999"
111,POCO M7 Pro 5G,Lavender Frost,128 GB,6,"32,172",16.94,5110,"12,499"
112,vivo T4x 5G,Pronto Purple,256 GB,8,"1,41,947",17.07,6500,"18,499"
113,Google Pixel 9,Peony,256 GB,12,"17,553",16.0,4700,"54,999"
114,REDMI Note 14 SE 5G,Crimson Art,128 GB,6,"17,764",16.94,5110,"13,499"
115,realme P3x 5G,Stellar Pink,128 GB,8,"21,808",17.07,6000,"17,999"
116,Samsung Galaxy A35 5G,Awesome Lilac,256 GB,8,"61,682",16.76,5000,"20,499"
117,REDMI Note 14 SE 5G,Mystique White,128 GB,6,"17,764",16.94,5110,"13,499"
118,MOTOROLA G96 5G,Pantone Greener Pastures,256 GB,8,"73,620",16.94,5500,"19,999"
119,MOTOROLA Edge 60 Stylus,PANTONE Gibraltar Sea,256 GB,8,"12,898",16.94,5000,"19,999"
120,Google Pixel 10 Pro,Moonstone,256 GB,16,279,16.0,4870,"1,09,999"
121,Google Pixel 10 Pro,Obsidian,256 GB,16,279,16.0,4870,"1,09,999"
122,Samsung Galaxy S24 5G Snapdragon,Marble Gray,128 GB,8,"44,953",15.75,4000,"40,999"
123,POCO M6 Plus 5G,Graphite Black,128 GB,8,"16,249",17.25,5030,"10,836"
124,OPPO K13x 5G 6000mAh and 45W SUPERVOOC Charger & AI,Sunset Peach,128 GB,4,"19,974",16.94,6000,"12,499"
125,POCO M7 5G,Satin Black,128 GB,8,"13,559",17.48,5160,"9,999"
126,Google Pixel 10 Pro,Jade,256 GB,16,279,16.0,4870,"1,09,999"
127,OPPO K13x 5G 6000mAh and 45W SUPERVOOC Charger & AI,Midnight Violet,128 GB,4,"19,974",16.94,6000,"12,499"
128,MOTOROLA G86 Power 5G,Pantone Cosmic Sky,128 GB,8,"22,611",17.02,6720,"16,999"
129,MOTOROLA Edge 60 Pro,Pantone Shadow,256 GB,8,"40,937",17.02,6000,"29,999"
130,realme P3x 5G,Lunar Silver,128 GB,6,"65,918",17.07,6000,"16,999"
131,realme P3x 5G,Stellar Pink,128 GB,6,"65,918",17.07,6000,"16,999"
132,OPPO K13x 5G 6000mAh and 45W SUPERVOOC Charger & AI,Midnight Violet,128 GB,6,"76,997",16.94,6000,"13,999"
133,Google Pixel 9A,Porcelain,256 GB,8,"4,172",15.96,5100,"44,999"
134,POCO C71,Cool Blue,64 GB,4,"51,366",17.48,5200,"6,199"
135,Kechaoda A26_Pink,N/A,N/A,N/A,"2,016",1.68,800,873
136,MOTOROLA g35 5G,Leaf Green,128 GB,8,"3,586",17.07,5000,"12,499"
137,Motorola G85 5G,Cobalt Blue,128 GB,8,"2,54,695",16.94,5000,"15,999"
138,MOTOROLA G86 Power 5G,Pantone Golden Cypress,128 GB,8,"22,611",17.02,6720,"16,999"
139,Nothing Phone,3a,N/A,8,"51,529",43.66,5000,"24,999"
140,Nothing Phone,3a,N/A,8,"51,529",43.66,5000,"26,999"
141,Google Pixel 10,Obsidian,256 GB,12,"1,051",16.0,4970,"79,999"
142,Nothing Phone,3a,N/A,8,"51,529",43.66,5000,"24,999"
143,POCO M7 Plus 5G,Chrome Silver,128 GB,8,"2,846",17.53,7000,"13,999"
144,Samsung Galaxy S24 5G Snapdragon,Amber Yellow,256 GB,8,"44,953",15.75,4000,"45,999"
145,realme C71,Obsidian Black,128 GB,6,"7,092",17.14,6300,"9,699"
146,Google Pixel 10 Pro,Moonstone,256 GB,16,279,16.0,4870,"1,09,999"
147,Google Pixel 10 Pro,Obsidian,256 GB,16,279,16.0,4870,"1,09,999"
148,POCO M7 Pro 5G,Lunar Dust,128 GB,6,"32,172",16.94,5110,"12,499"
149,Infinix Note 50s 5G+,Titanium Grey,128 GB,6,"8,485",17.22,5500,"16,999"
150,Google Pixel 10 Pro,Jade,256 GB,16,279,16.0,4870,"1,09,999"
151,realme P3 Lite 5G Charger in the Box,Lily White,128 GB,6,"8,592",16.94,6000,"11,499"
152,realme P3 Lite 5G Charger in the Box,Midnight Lily,128 GB,6,"8,592",16.94,6000,"11,499"
153,REDMI A4 5G only on Jio SIM,Starry Black,64 GB,4,"12,161",17.48,5160,"8,317"
154,Nothing Phone,3a,N/A,8,"51,529",43.66,5000,"24,999"
155,Nothing Phone,3a,N/A,8,"51,529",43.66,5000,"26,999"
156,Samsung Galaxy S24 5G Snapdragon,Cobalt Violet,128 GB,8,"44,953",15.75,4000,"40,999"
157,LAVA A1 Josh BOL,N/A,N/A,N/A,"22,811",4.5,1000,963
158,POCO X7 Pro 5G,Yellow,256 GB,12,"7,614",16.94,6550,"23,999"
159,LAVA A1 Josh BOL,N/A,N/A,N/A,"22,811",4.5,1000,955
160,Apple iPhone 14,Starlight,128 GB,N/A,"3,20,630",15.49,N/A,"54,900"
161,POCO F7 5G,Phantom Black,512 GB,12,"17,498","Display
-6.83","Battery
7550mAh,","32,999"
162,POCO M6 Plus 5G,Misty Lavender,128 GB,8,"16,249",17.25,5030,"10,999"
163,realme P3 Lite 5G Charger in the Box,Purple Blossom,128 GB,4,"5,771",16.94,6000,"10,499"
164,LAVA Gem 2025,N/A,N/A,N/A,"4,072",7.11,2575,"1,579"
165,Google Pixel 9A,Iris,256 GB,8,"4,172",15.96,5100,"44,999"
166,realme Narzo 80 Lite 4G,Beach Gold,64 GB,4,"1,476",17.12,6300,"7,387"
167,Ai+ Pulse,Sparkle Red,64 GB,4,"37,365",17.13,5000,"5,999"
168,realme 15x 5G,Aqua Blue,128 GB,6,"3,059",17.27,7000,"17,499"
169,realme 15x 5G,Marine Blue,128 GB,6,"3,059",17.27,7000,"17,499"
170,Google Pixel 10 Pro,Moonstone,256 GB,16,279,16.0,4870,"1,09,999"
171,Google Pixel 10 Pro,Obsidian,256 GB,16,279,16.0,4870,"1,09,999"
172,POCO F7 5G,Cyber Silver Edition,512 GB,12,"17,498","Display
-6.83","Battery
7550mAh,","32,999"
173,MOTOROLA Edge 60 Pro,Pantone Shadow,512 GB,16,"2,031",17.02,6000,"37,999"
174,LAVA A2 Smart,N/A,N/A,N/A,156,6.1,1200,"1,139"
175,POCO C75 5G,Enchanted Green,128 GB,4,"1,36,835",17.48,5160,"8,499"
176,Google Pixel 10 Pro,Jade,256 GB,16,279,16.0,4870,"1,09,999"
177,Samsung Galaxy A06 5G,Black,64 GB,4,"2,250",17.02,5000,"9,327"
178,MOTOROLA Edge 60 Pro,Pantone Sparkling Grape,256 GB,8,"40,937",17.02,6000,"29,999"
179,Apple iPhone 16,White,128 GB,N/A,"1,90,019",15.49,N/A,"69,900"
180,OnePlus 13R 5g,Astral Trail,256 GB,12,"4,406",17.22,6000,"38,908"
181,itel it5262,N/A,N/A,N/A,"2,197",6.1,2000,"1,399"
182,POCO C75 5G,Silver Stardust,128 GB,4,"1,36,835",17.48,5160,"8,499"
183,Nothing Phone,3a Pro,N/A,8,"11,785",43.66,5000,"30,999"
184,vivo T4 Pro 5G,Nitro Blue,256 GB,8,"10,729",17.2,6500,"29,999"
185,vivo T4 Pro 5G,Nitro Blue,128 GB,8,"10,729",17.2,6500,"27,999"
186,vivo T4 Pro 5G,Blaze Gold,128 GB,8,"10,729",17.2,6500,"27,999"
187,realme 15x 5G,Maroon Red,128 GB,8,"2,422",17.27,7000,"18,999"
188,MOTOROLA g06 power,Pantone Laurel Oak,64 GB,4,"2,278",17.48,7000,"7,999"
189,realme P3 Lite 5G Charger in the Box,Purple Blossom,128 GB,6,"8,592",16.94,6000,"11,499"
190,OnePlus Nord CE5 5G,Marble Mist,128 GB,8,"5,360",17.2,7100,"24,824"
191,OnePlus 13R 5G,Nebula Noir,256 GB,12,"4,406",17.22,6000,"38,931"
192,realme 15x 5G,Maroon Red,128 GB,6,"3,059",17.27,7000,"17,499"
193,Jio Jiobharat JBV191M2 V4 4G Feature Phone,N/A,N/A,N/A,"1,178",4.5,1000,750
194,vivo Y19e,Majestic Green,64 GB,4,"3,111",17.12,5500,"8,999"
195,Nothing Phone,3a Pro,N/A,12,"6,859",43.66,5000,"32,999"
196,Google Pixel 10 Pro,Moonstone,256 GB,16,279,16.0,4870,"1,09,999"
197,Google Pixel 10 Pro,Obsidian,256 GB,16,279,16.0,4870,"1,09,999"
198,OnePlus Nord 5 5G,Dry Ice,256 GB,8,"1,694",17.35,6800,"32,449"
199,Samsung M36 5G,Velvet Black / Black,128 GB,6,"1,236",17.02,5000,"14,768"
200,Google Pixel 10 Pro,Jade,256 GB,16,279,16.0,4870,"1,09,999"
201,vivo T4 Pro 5G,Blaze Gold,256 GB,8,"10,729",17.2,6500,"29,999"
202,Samsung M36 5G,Light Green,128 GB,6,"1,236",17.02,5000,"14,745"
203,LAVA Hero Shakti 2025,N/A,N/A,N/A,219,4.57,800,869
204,OnePlus 13R 5G,Nebula Noir,256 GB,12,"4,406",17.22,6000,"38,931"
205,itel it5262,N/A,N/A,N/A,"2,197",6.1,2000,"1,259"
206,OnePlus Nord 5,Phantom Grey,256 GB,8,"1,113",17.35,6800,"32,228"
207,POCO X7 Pro 5G,Nebula Green,256 GB,8,"15,312",16.94,6550,"21,999"
208,LAVA Hero Shakti 2025,N/A,N/A,N/A,219,4.57,800,869
209,REDMI A4 5G only on Jio SIM,Starry Black,128 GB,4,"12,161",17.48,5160,"9,223"
210,OnePlus Nord 5 5G,Dry Ice,256 GB,12,"1,165",17.35,6800,"35,167"
211,vivo T4 Pro 5G,Blaze Gold,256 GB,12,"2,704",17.2,6500,"31,999"
212,Kechaoda K115,N/A,N/A,N/A,"42,797",3.66,850,974
213,vivo T4 5G,Phantom Grey,256 GB,12,"21,158",17.2,7300,"26,999"
214,vivo T4 5G,Emerald Blaze,256 GB,8,"86,886",17.2,7300,"24,999"
215,vivo T4 5G,Emerald Blaze,256 GB,12,"21,158",17.2,7300,"26,999"
216,Google Pixel 10 Pro,Moonstone,256 GB,16,279,16.0,4870,"1,09,999"
217,Google Pixel 10 Pro,Obsidian,256 GB,16,279,16.0,4870,"1,09,999"
218,OnePlus Nord 5 5G,Marble Sands,256 GB,8,"1,694",17.35,6800,"32,250"
219,OnePlus Nord CE5 5G,Black Infinity,256 GB,8,"5,360",17.2,7100,"26,990"
220,Google Pixel 10 Pro,Jade,256 GB,16,279,16.0,4870,"1,09,999"
221,MOTOROLA Edge 60 5G,PANTONE Shamrock,256 GB,12,"5,340",16.94,5500,"24,999"
222,Nothing Phone,3a Pro,N/A,8,"11,785",43.66,5000,"28,999"
223,MOTOROLA Edge 60 Pro,Pantone Walnut,256 GB,8,"40,937",17.02,6000,"29,999"
224,LAVA A5 2025,N/A,N/A,N/A,"8,488",6.1,1200,"1,299"
225,POCO M7 5G,Mint Green,128 GB,8,"13,559",17.48,5160,"9,999"
226,OnePlus 13R 5g,Astral Trail,256 GB,12,"4,406",17.22,6000,"38,908"
227,LAVA Gem 2025,N/A,N/A,N/A,"4,072",7.11,2575,"1,579"
228,OnePlus Nord 5 5G,Phantom Grey,256 GB,12,"1,165",17.35,6800,"35,268"
229,OnePlus Nord 5 5G,Dry Ice,256 GB,8,"1,694",17.35,6800,"32,976"
230,realme P3 Lite 5G Charger in the Box,Midnight Lily,128 GB,4,"5,771",16.94,6000,"10,499"
231,Samsung Galaxy S24 5G Snapdragon,Onyx Black,128 GB,8,"44,953",15.75,4000,"40,999"
232,Infinix Note 50s 5G+,Marine Drift,128 GB,6,"8,485",17.22,5500,"16,999"
233,Google Pixel 10,Frost,256 GB,12,"1,051",16.0,4970,"79,999"
234,realme C71,Obsidian Black,64 GB,4,349,17.14,6300,"7,392"
235,OnePlus Nord 5 5G,Phantom Grey,512 GB,12,"1,165",17.35,6800,"38,270"
236,OnePlus Nord CE5 5G,Black Infinity,256 GB,12,319,17.2,7100,"28,990"
237,Samsung M06 5G,Sage Green,128 GB,6,602,17.02,5000,"11,099"
238,"Nokia 106 4G Keypad Mobile, Long-Lasting Battery, MicroSD Card Slot",N/A,N/A,N/A,"5,025",4.5,1450,"2,099"
239,IQOO Z10X 5G,Titanium,128 GB,8,"4,306",17.02,6500,"16,690"
240,Google Pixel 10 Pro,Moonstone,256 GB,16,279,16.0,4870,"1,09,999"
241,Google Pixel 10 Pro,Obsidian,256 GB,16,279,16.0,4870,"1,09,999"
242,vivo T4R 5G,Arctic White,256 GB,8,"45,546",17.2,5700,"22,999"
243,Nothing Phone,3a Pro,N/A,12,"6,859",43.66,5000,"32,999"
244,vivo T4R 5G,Twilight Blue,128 GB,8,"45,546",17.2,5700,"20,999"
245,vivo Y19e,Titanium Silver,64 GB,4,"3,111",17.12,5500,"8,998"
246,Google Pixel 10 Pro,Jade,256 GB,16,279,16.0,4870,"1,09,999"
247,MOTOROLA G96 5G,Pantone Ashleigh Blue,128 GB,8,"73,620",16.94,5500,"18,999"
248,OnePlus Nord CE5 5G,Nexus Blue,256 GB,8,"5,360",17.2,7100,"26,300"
249,vivo T4 5G,Emerald Blaze,128 GB,8,"86,886",17.2,7300,"22,999"
250,Kechaoda K115,N/A,N/A,N/A,"42,797",3.66,850,989
251,IQOO Z10X 5G,Ultramarine,128 GB,8,"4,306",17.02,6500,"16,490"
252,Samsung Galaxy F06 5G,Lit Violet,128 GB,6,"18,356",17.02,5000,"11,499"
253,MOTOROLA Edge 60 Fusion 5G,PANTONE Zephyr,256 GB,8,"1,08,444",16.94,5500,"22,999"
254,REDMI A4 5G only on Jio SIM,Sparkle Purple,64 GB,4,"12,161",17.48,5160,"8,497"
255,OnePlus Nord CE4 lite 5G,SUPER SILVER,128 GB,8,"35,180",16.94,5500,"18,890"
256,vivo T4R 5G,Twilight Blue,256 GB,12,"4,127",17.2,5700,"24,999"
257,vivo T4R 5G,Arctic White,256 GB,12,"4,127",17.2,5700,"24,999"
258,"KARBONN Jumbo K9 Keypad Mobile Phone 2.4inch LCD2 MP Camera,1800mAh Battery,FM Vibratore",N/A,N/A,N/A,322,6.1,1800,"1,299"
259,LAVA A1 Josh,N/A,N/A,N/A,"22,603",5.08,1000,998
260,"Nokia 106 4G Keypad Mobile, Long-Lasting Battery, MicroSD Card Slot",N/A,N/A,N/A,"5,025",4.5,1450,"2,699"
261,MOTOROLA Edge 60 Pro,Pantone Sparkling Grape,512 GB,16,"2,031",17.02,6000,"37,999"
262,IQOO Z10 Lite 5G,Titanium Blue,128 GB,6,"2,520",17.12,6000,"12,985"
263,IQOO Z10 Lite 5G,Titanium Blue,128 GB,4,"1,801",17.12,6000,"11,965"
264,realme C71,Sea Blue,128 GB,6,"7,092",17.14,6300,"9,699"
265,IQOO Z10R 5G,Moonstone,128 GB,8,"2,749",17.2,5700,"20,499"
266,Google Pixel 10 Pro,Moonstone,256 GB,16,279,16.0,4870,"1,09,999"
267,Google Pixel 10 Pro,Obsidian,256 GB,16,279,16.0,4870,"1,09,999"
268,IQOO Z10X 5G,Titanium,256 GB,8,"4,306",17.02,6500,"18,271"
269,realme 15x 5G,Marine Blue,128 GB,8,"2,422",17.27,7000,"18,999"
270,Google Pixel 10 Pro,Jade,256 GB,16,279,16.0,4870,"1,09,999"
271,realme 15x 5G,Marine Blue,256 GB,8,"2,422",17.27,7000,"20,499"
272,IQOO Z10X 5G,Titanium,128 GB,6,"7,596",17.02,6500,"15,190"
273,Samsung Galaxy F06 5G,Lit Violet,128 GB,4,"36,338",17.02,5000,"9,999"
274,MOTOROLA G96 5G,Pantone Greener Pastures,128 GB,8,"73,620",16.94,5500,"18,999"
275,IQOO Z10 Lite 5G,Titanium Blue,128 GB,4,"1,801",17.12,6000,"11,965"
276,IQOO Z10 Lite 5G,Cyber Green,128 GB,4,"1,801",17.12,6000,"11,990"
277,KARBONN K9,N/A,N/A,N/A,140,6.1,1800,"1,299"
278,REDMI 15 5G,Midnight Black,128 GB,6,907,17.53,7000,"15,497"
279,REDMI A4 5G only on Jio SIM,Starry Black,64 GB,4,"12,161",17.48,5160,"8,318"
280,Kechaoda A27,N/A,N/A,N/A,"15,738",1.68,800,879
281,LAVA A3 Torch,N/A,N/A,N/A,519,4.57,1750,"1,202"
282,REDMI 15 5G,Sandy Purple,256 GB,8,"2,064",17.53,7000,"16,632"
283,MOTOROLA g06 power,Pantone Tendril,64 GB,4,"2,278",17.48,7000,"7,999"
284,LAVA A3 Torch,N/A,N/A,N/A,519,4.57,1750,"1,202"
285,Apple iPhone 17 Pro,Cosmic Orange,256 GB,N/A,564,16.0,N/A,"1,34,900"
286,Samsung Galaxy A55 5G,Awesome Navy,256 GB,8,"5,304",16.76,5000,"26,668"
287,IQOO Z10X 5G,Ultramarine,128 GB,6,"7,596",17.02,6500,"15,180"
288,IQOO Z10X 5G,Ultramarine,128 GB,6,"7,596",17.02,6500,"15,180"
289,Samsung Galaxy A55 5G,Awesome Navy,256 GB,8,"5,304",16.76,5000,"26,668"
290,Google Pixel 10 Pro,Moonstone,256 GB,16,279,16.0,4870,"1,09,999"
291,Google Pixel 10 Pro,Obsidian,256 GB,16,279,16.0,4870,"1,09,999"
292,LAVA Hero Shakti 2025,N/A,N/A,N/A,"2,577",4.57,800,975
293,LAVA Hero Shakti 2025,N/A,N/A,N/A,"2,577",4.57,800,895
294,IQOO Z10X 5G,Ultramarine,256 GB,8,"4,306",17.02,6500,"17,990"
295,Google Pixel 8a,Bay,128 GB,8,"10,967",15.49,4404,"34,999"
296,Google Pixel 10 Pro,Jade,256 GB,16,279,16.0,4870,"1,09,999"
297,Samsung Galaxy F16 5G,Vibing Blue,128 GB,6,"9,694",16.91,5000,"13,999"
298,IQOO Z10R 5G,Aquamarine,128 GB,8,"2,749",17.2,5700,"20,749"
299,IQOO Z10R 5G,Aquamarine,256 GB,8,"2,749",17.2,5700,"22,805"
300,OnePlus Nord CE5 5G,Marble Mist,256 GB,8,"5,360",17.2,7100,"26,500"
301,POCO X7 5G,Yellow,256 GB,8,"27,062",16.94,5500,"18,999"
302,Apple iPhone 17 Pro,Cosmic Orange,256 GB,N/A,564,16.0,N/A,"1,34,900"
303,Samsung Galaxy F05,Twilight Blue,64 GB,4,"76,239",17.12,5000,"6,499"
304,POCO F7 5G,Frost White,512 GB,12,"17,498","Display
-6.83","Battery
7550mAh,","32,999"
305,Apple iPhone 14,Blue,128 GB,N/A,"3,20,630",15.49,N/A,"54,900"
306,Samsung Galaxy A55 5G,Awesome Navy,128 GB,8,"5,304",16.76,5000,"24,350"
307,OnePlus Nord CE4 lite 5G,MEGA BLUE,128 GB,8,"35,180",16.94,5500,"18,332"
308,OnePlus Nord 5,Phantom Grey,256 GB,8,"1,113",17.35,6800,"32,228"
309,Google Pixel 10,Indigo,256 GB,12,"1,051",16.0,4970,"79,999"
310,Ai+ Nova 5G,Blue,128 GB,6,"18,216",17.13,5000,"8,999"
311,Samsung Galaxy A35 5G,Awesome Navy,128 GB,8,"61,682",16.76,5000,"18,499"
312,IQOO Z10R 5G,Moonstone,256 GB,12,306,17.2,5700,"23,787"
313,IQOO Z10R 5G,Aquamarine,256 GB,12,306,17.2,5700,"23,784"
314,IQOO Z10R 5G,Moonstone,256 GB,8,"2,749",17.2,5700,"22,285"
315,Peace P30,N/A,N/A,N/A,20,6.1,2500,699
316,Google Pixel 10 Pro,Obsidian,256 GB,16,279,16.0,4870,"1,09,999"
317,Google Pixel 10 Pro,Jade,256 GB,16,279,16.0,4870,"1,09,999"
318,Google Pixel 10 Pro,Moonstone,256 GB,16,279,16.0,4870,"1,09,999"
319,realme C71,Sea Blue,64 GB,4,349,17.14,6300,"7,844"
320,realme Narzo 80 Lite 4G,Obsidian Black,64 GB,4,"1,476",17.12,6300,"7,439"
321,Samsung Galaxy F06 5G,Lit Violet,64 GB,4,"36,338",17.02,5000,"8,999"
322,POCO X7 Pro 5G,Nebula Green,256 GB,12,"7,614",16.94,6550,"23,999"
323,Kechaoda A26,N/A,N/A,N/A,"29,668",1.68,800,889
324,IQOO Neo 10,Inferno Red,128 GB,8,"1,125",17.22,7000,"35,177"
325,REDMI 14C 5G,Stargaze Black,128 GB,4,"8,242",17.48,5160,"10,988"
326,realme P3 5G,Comet Grey,128 GB,8,"21,918",16.94,6000,"16,999"
327,Kechaoda K115,N/A,N/A,N/A,"42,797",3.66,850,998
328,Samsung M06 5G,Blazing Black,128 GB,4,856,17.02,5000,"9,369"
329,IQOO Neo 10,Titanium Chrome,256 GB,8,"1,125",17.22,7000,"36,980"
330,OPPO K13x 5G 6000mAh and 45W SUPERVOOC Charger & AI,Breeze Blue,128 GB,6,"76,997",16.94,6000,"13,999"
331,POCO M7 Plus 5G,Aqua Blue,128 GB,8,"2,846",17.53,7000,"13,999"
332,Ai+ Pulse,Purple,128 GB,6,"4,023",17.13,5000,"6,999"
333,Jmax NANO,N/A,N/A,N/A,436,1.68,800,777
334,itel it5262,N/A,N/A,N/A,"2,197",6.1,2000,"1,499"
335,Samsung Galaxy A16 5G,Blue Black,128 GB,6,"3,973",17.02,5000,"14,597"
336,Google Pixel 10 Pro,Moonstone,256 GB,16,279,16.0,4870,"1,09,999"
337,Google Pixel 10 Pro,Obsidian,256 GB,16,279,16.0,4870,"1,09,999"
338,Ai+ Nova 5G,Purple,128 GB,6,"18,216",17.13,5000,"8,999"
339,POCO M7 Plus 5G,Chrome Silver,128 GB,6,"4,671",17.53,7000,"12,999"
340,Google Pixel 10 Pro,Jade,256 GB,16,279,16.0,4870,"1,09,999"
341,Motorola g52,Charcoal Grey,128 GB,6,"46,580",16.76,5000,"11,990"
342,REDMI A4,Starry Black,128 GB,6,"1,192",17.48,5160,"10,190"
343,IQOO Neo 10,Titanium Chrome,128 GB,8,"1,125",17.22,7000,"35,499"
344,realme P3 5G,Space Silver,128 GB,8,"21,918",16.94,6000,"16,999"
345,realme P3 5G,Comet Grey,128 GB,6,"31,669",16.94,6000,"15,999"
346,OnePlus Nord CE4,Dark Chrome,128 GB,8,"27,270",17.02,5500,"20,380"
347,realme 14x 5G,Crystal Black,128 GB,8,"8,078",16.94,6000,"14,453"
348,Samsung Galaxy A16 5G,Gold,128 GB,6,"3,973",17.02,5000,"14,654"
349,REDMI 14C 5G,Stardust Purple,64 GB,4,"8,242",17.48,5160,"9,999"
350,itel Ace2 Power,N/A,N/A,N/A,688,4.57,2500,"1,124"
351,itel Ace2 Power,N/A,N/A,N/A,688,4.57,2500,"1,124"
352,MOTOROLA Razr 60,PANTONE Spring Bud,256 GB,8,"1,894",17.53,4500,"49,999"
353,Kechaoda A26_rose gold,N/A,N/A,N/A,631,1.68,800,873
354,MOTOROLA G96 5G,Pantone Dresden Blue,128 GB,8,"73,620",16.94,5500,"18,999"
355,REDMI 13 5G,Orchid Pink,128 GB,6,"48,196",17.25,5030,"12,780"
356,POCO F6 5G,Titanium,256 GB,12,"8,872",16.94,5000,"21,999"
357,realme P3 Ultra 5G,Orion Red,256 GB,12,"3,303",17.35,6000,"23,999"
358,itel it5330 | 2.8 inch Big Display | 1900 mAh Battery | Kingvoice,N/A,N/A,N/A,"24,657",7.11,1900,"1,349"
359,itel it5330 | 2.8 inch Big Display | 1900 mAh Battery | Kingvoice,N/A,N/A,N/A,"24,657",7.11,1900,"1,598"
360,Google Pixel 10 Pro,Moonstone,256 GB,16,279,16.0,4870,"1,09,999"
361,Google Pixel 10 Pro,Obsidian,256 GB,16,279,16.0,4870,"1,09,999"
362,HOTLINE CLASSIC FLIP,N/A,N/A,N/A,8,6.1,2500,999
363,REDMI Note 14 5G,Mystique White,128 GB,8,"3,312",16.94,5110,"15,405"
364,Jio JioBharat V4 4G,N/A,N/A,N/A,"2,180",4.5,1000,749
365,Kechaoda K115,N/A,N/A,N/A,"42,797",3.66,850,989
366,Google Pixel 10 Pro,Jade,256 GB,16,279,16.0,4870,"1,09,999"
367,Kechaoda K115,N/A,N/A,N/A,"42,797",3.66,850,973
368,Kechaoda K115,N/A,N/A,N/A,"42,797",3.66,850,974
369,OnePlus Nord CE5 5G,Nexus Blue,128 GB,8,"5,360",17.2,7100,"24,600"
370,IQOO Neo 10,Titanium Chrome,256 GB,12,800,17.22,7000,"40,990"
371,IQOO Neo 10,Titanium Chrome,128 GB,8,"1,125",17.22,7000,"35,499"
372,Micromax J3 PLUS,N/A,N/A,N/A,133,4.5,1000,869
373,IQOO Neo 10,Inferno Red,256 GB,8,"1,125",17.22,7000,"37,498"
374,GFive A1-C,N/A,N/A,N/A,374,4.57,1100,520
375,IQOO Neo 10,Inferno Red,256 GB,12,800,17.22,7000,"37,940"
376,IQOO Z10 5G,Stellar Black / Black,256 GB,8,"4,443",17.2,7300,"22,997"
377,OnePlus Nord 5 5G,Marble Sands,256 GB,12,"1,165",17.35,6800,"35,386"
378,MOTOROLA G96 5G,Pantone Dresden Blue,128 GB,8,"73,620",16.94,5500,"18,999"
379,itel Ace 3 Shine,N/A,N/A,N/A,"1,462",4.57,1000,945
380,MOTOROLA Edge 50,Peach Fuzz,256 GB,8,"41,359",16.94,5000,"20,999"
381,Kechaoda K115,N/A,N/A,N/A,"42,797",3.66,850,977
382,Kechaoda K115,N/A,N/A,N/A,"42,797",3.66,850,970
383,Samsung Galaxy A06 5G,Light Green,64 GB,4,"2,250",17.02,5000,"9,276"
384,itel Power 450 | 2.4 inch Big Display | 2500 mAh Battery | Type C Charging,N/A,N/A,N/A,"1,269",6.1,2500,"1,465"
385,OnePlus 13s 5G,Green Silk,256 GB,12,"1,183",16.05,5850,"52,478"
386,Google Pixel 10 Pro,Moonstone,256 GB,16,279,16.0,4870,"1,09,999"
387,Google Pixel 10 Pro,Obsidian,256 GB,16,279,16.0,4870,"1,09,999"
388,Samsung M05,Mint Green,64 GB,4,"3,977",17.02,5000,"7,980"
389,realme P3 Ultra 5G,Orion Red,256 GB,8,"17,254",17.35,6000,"22,999"
390,Google Pixel 10 Pro,Jade,256 GB,16,279,16.0,4870,"1,09,999"
391,REDMI 14C 5G,Starlight Blue,128 GB,6,"8,495",17.48,5160,"10,543"
392,REDMI A3X,Ocean Green,64 GB,4,"9,959",17.04,5000,"6,990"
393,Samsung Galaxy A16 5G,Light Green,128 GB,6,"3,973",17.02,5000,"14,370"
394,KARBONN K9,N/A,N/A,N/A,"9,498",6.6,1800,"1,274"
395,itel Power 450 | 2.4 inch Big Display | 2500 mAh Battery | Type C Charging,N/A,N/A,N/A,"1,269",6.1,2500,"1,488"
396,Ai+ Nova 5G,Pink,128 GB,6,"18,216",17.13,5000,"8,999"
397,Peace P30,N/A,N/A,N/A,20,6.1,2500,699
398,Samsung Galaxy M35 5G,Moonlight Blue,256 GB,8,"5,584",16.76,6000,"20,990"
399,Samsung Galaxy F06 5G,Bahama Blue,64 GB,4,"36,338",17.02,5000,"8,999"
400,REDMI 15 5G,Sandy Purple,256 GB,8,"2,064",17.53,7000,"16,630"
401,Infinix Note 50x 5G+ 45W Charger In the Box & AI,Enchanted Purple,128 GB,6,"15,458",16.94,5500,"12,499"
402,Infinix Note 50x 5G+ 45W Charger In the Box & AI,Titanium Grey,128 GB,6,"15,458",16.94,5500,"12,499"
403,Infinix Note 50x 5G+ 45W Charger In the Box & AI,Enchanted Purple,128 GB,8,"4,589",16.94,5500,"13,999"
404,realme P3 5G,Space Silver,128 GB,6,"31,669",16.94,6000,"15,999"
405,realme P3 5G,Nebula Pink,128 GB,6,"31,669",16.94,6000,"15,999"
406,OnePlus 13s 5G,Green Silk,512 GB,12,"1,183",16.05,5850,"57,385"
407,"Nokia 2660 Flip 4G Volte Black keypad Mobile with Dual Sim & Screen, MP3 Player",N/A,N/A,0.046875,"1,761",7.11,1450,"5,499"
408,Samsung Galaxy A06,Black,64 GB,4,389,17.02,5000,"7,433"
409,Tecno Pova 7 5G,Oasis Green,256 GB,8,"7,820",17.22,6000,"15,999"
410,Google Pixel 10 Pro,Moonstone,256 GB,16,279,16.0,4870,"1,09,999"
411,Google Pixel 10 Pro,Obsidian,256 GB,16,279,16.0,4870,"1,09,999"
412,realme P3 5G,Space Silver,256 GB,8,"21,918",16.94,6000,"18,499"
413,OnePlus 13s 5G,Black Velvet,256 GB,12,"1,183",16.05,5850,"52,474"
414,Samsung Galaxy F36 5G,Violet,128 GB,6,"7,984",17.02,5000,"15,999"
415,MOTOROLA Moto A300,N/A,N/A,N/A,280,5.08,1000,"1,299"
416,Google Pixel 10 Pro,Jade,256 GB,16,279,16.0,4870,"1,09,999"
417,realme Gt 7,Icesense Blue,256 GB,8,228,17.02,7000,"35,485"
418,GFive FLASH,N/A,N/A,N/A,387,7.11,3000,947
419,realme 14 Pro+ 5G,Suede Grey,256 GB,12,"8,357",17.35,6000,"26,999"
420,OnePlus 13s 5G,Black Velvet,512 GB,12,"1,183",16.05,5850,"56,890"
421,realme 14 Pro+ 5G,Pearl White,512 GB,12,"8,357",17.35,6000,"29,999"
422,realme P3 Ultra 5G,Neptune Blue,256 GB,12,"3,303",17.35,6000,"23,999"
423,realme P3 Ultra 5G,Neptune Blue,128 GB,8,"17,254",17.35,6000,"21,999"
424,realme P3 Ultra 5G,Glowing Lunar White,256 GB,8,"17,254",17.35,6000,"22,999"
425,realme P3 Ultra 5G,Glowing Lunar White,128 GB,8,"17,254",17.35,6000,"21,999"
426,REDMI 14C 5G,Stardust Purple,128 GB,6,"8,495",17.48,5160,"10,768"
427,IQOO Z10 5G,Stellar Black / Black,128 GB,8,"4,443",17.02,7300,"21,884"
428,realme P3 5G,Nebula Pink,256 GB,8,"21,918",16.94,6000,"18,499"
429,LAVA A3 Vibe DS Keypad Mobile| 1750 mAh Battery|Expandable Storage 32GB,N/A,N/A,N/A,"3,937",4.5,1750,"1,366"
430,IQOO Neo 10R 5G,Raging Blue,128 GB,8,"5,043",17.22,6400,"27,959"
431,IQOO Neo 10R 5G,MoonKnight Titanium,128 GB,8,"5,043",17.22,6400,"27,966"
432,realme 14 Pro+ 5G,Emerald Drift,256 GB,8,"16,096",17.35,6000,"23,999"
433,IQOO Z10 5G,Stellar Black / Black,256 GB,12,"1,021",17.02,7300,"26,769"
434,Tecno Pova 7 5G,Oasis Green,128 GB,8,"7,820",17.22,6000,"14,249"
435,realme 14x 5G,Golden Glow,128 GB,8,"8,078",16.94,6000,"14,365"
436,Google Pixel 10 Pro,Moonstone,256 GB,16,279,16.0,4870,"1,09,999"
437,Google Pixel 10 Pro,Obsidian,256 GB,16,279,16.0,4870,"1,09,999"
438,realme 14 Pro+ 5G,Pearl White,128 GB,8,"16,096",17.35,6000,"29,999"
439,Samsung Galaxy A06 5G,Light Gray,64 GB,4,"2,250",17.02,5000,"9,495"
440,Google Pixel 10 Pro,Jade,256 GB,16,279,16.0,4870,"1,09,999"
441,Jmax KING,N/A,N/A,N/A,263,3.66,1000,649
442,realme 14x 5G,Crystal Black,128 GB,6,"13,552",16.94,6000,"13,695"
443,OnePlus 13s 5G,Pink Satin,256 GB,12,"1,183",16.05,5850,"52,700"
444,HOTLINE H312,N/A,N/A,N/A,"2,997",4.57,1000,499
445,Jio JioBharat K2 Keypad Mobile,N/A,N/A,N/A,638,4.5,1000,970
446,itel Ace 3 Shine,N/A,N/A,N/A,"1,462",4.57,1000,899
447,realme P3 Ultra 5G,Glowing Lunar White,256 GB,12,"3,303",17.35,6000,"23,999"
448,Jio PRIMA2 4G,N/A,N/A,N/A,"1,690",6.1,1800,"3,399"
449,Samsung Galaxy A06 5G,Black,128 GB,4,"2,250",17.02,5000,"10,695"
450,IQOO Neo 10R 5G,Raging Blue,256 GB,8,"5,043",17.22,6400,"33,000"
451,Tecno Spark Go 5G,Sky Blue,128 GB,4,"1,210",17.12,6000,"10,999"
452,realme P4 5G,Forge Red,128 GB,6,"16,488",17.2,7000,"17,999"
453,realme P4 5G,Engine Blue,128 GB,6,"16,488",17.2,7000,"17,999"
454,realme P4 5G,Steel Grey,128 GB,6,"16,488",17.2,7000,"17,999"
455,REDMI A5,Jaisalmer Gold,64 GB,3,"5,856",17.48,5200,"6,499"
456,Google Pixel 10 Pro,Moonstone,256 GB,16,279,16.0,4870,"1,09,999"
457,Google Pixel 10 Pro,Obsidian,256 GB,16,279,16.0,4870,"1,09,999"
458,IQOO Z10 5G,Stellar Black / Black,256 GB,12,"1,021",17.02,7300,"26,769"
459,itel Ace 3 Shine,N/A,N/A,N/A,"1,462",4.57,1000,899
460,Google Pixel 10 Pro,Jade,256 GB,16,279,16.0,4870,"1,09,999"
461,Jio JioBharat K2 Keypad Mobile,N/A,N/A,N/A,638,4.5,1000,970
462,HOTLINE H312,N/A,N/A,N/A,"2,997",4.57,1000,499
463,OnePlus 13s 5G,Pink Satin,256 GB,12,"1,183",16.05,5850,"52,700"
464,realme 14x 5G,Crystal Black,128 GB,6,"13,552",16.94,6000,"13,695"
465,REDMI 13 5G,Black Diamond,128 GB,8,"13,989",17.25,5030,"12,991"
466,realme P4 5G,Engine Blue,128 GB,6,"16,488",17.2,7000,"17,999"
467,realme P4 5G,Steel Grey,128 GB,6,"16,488",17.2,7000,"17,999"
468,realme P4 5G,Forge Red,128 GB,6,"16,488",17.2,7000,"17,999"
469,REDMI A5,Jaisalmer Gold,64 GB,3,"5,856",17.48,5200,"6,499"
470,IQOO Neo 10R 5G,Raging Blue,256 GB,8,"5,043",17.22,6400,"33,000"
471,Samsung Galaxy A06 5G,Black,128 GB,4,"2,250",17.02,5000,"10,695"
472,Tecno Spark Go 5G,Sky Blue,128 GB,4,"1,210",17.12,6000,"10,999"
473,realme P3 Ultra 5G,Glowing Lunar White,256 GB,12,"3,303",17.35,6000,"23,999"
474,LAVA A3 King,N/A,N/A,N/A,"30,342",4.5,1750,"1,139"
475,Nothing Phone,3a Lite,N/A,8,53,43.66,5000,"20,999"
476,Tecno Pova 7 Pro 5G,Geek Black,128 GB,8,"2,997",17.22,6000,"17,749"
477,realme 14x 5G,Golden Glow,128 GB,6,"13,552",16.94,6000,"13,289"
478,"amaq 4G/VOLTE supported Dual Sim, Touch and Keypad,Feature phone",N/A,N/A,N/A,51,7.11,3000,"3,159"
479,MOTOROLA Moto A300,N/A,N/A,N/A,280,5.08,1000,"1,590"
480,Google Pixel 10 Pro,Moonstone,256 GB,16,279,16.0,4870,"1,09,999"
481,Google Pixel 10 Pro,Obsidian,256 GB,16,279,16.0,4870,"1,09,999"
482,POCO F7 5G,Frost White,256 GB,12,"17,498","Display
-6.83","Battery
7550mAh,","30,999"
483,REDMI Note 14 5G,Ivy Green,128 GB,8,"3,312",16.94,5110,"17,196"
484,MOTOROLA Moto A300,N/A,N/A,N/A,280,5.08,1000,"1,590"
485,REDMI 15 5G,Midnight Black,128 GB,8,"2,064",17.53,7000,"15,499"
486,Google Pixel 10 Pro,Jade,256 GB,16,279,16.0,4870,"1,09,999"
487,Tecno Pova 7 Pro 5G,Geek Black,128 GB,8,"2,997",17.22,6000,"17,749"
488,realme Gt 7,Icesense Blue,256 GB,12,221,17.22,7000,"38,475"
489,realme Gt 7,Icesense Black,256 GB,12,221,17.22,7000,"38,490"
490,REDMI 13 5G,Black Diamond,128 GB,6,"48,196",17.25,5030,"12,999"
491,itel Ace 3 Shine,N/A,N/A,N/A,"1,462",4.57,1000,987
492,Ai+ Nova 5G,Black,128 GB,8,"2,969",17.13,5000,"9,999"
493,realme 14x 5G,Jewel Red,128 GB,6,"13,552",16.94,6000,"14,379"
494,vivo T4 Ultra 5G,Phoenix Gold,256 GB,8,"4,237",16.94,5500,"35,999"
495,REDMI Note 14 5G,Mystique White,256 GB,8,"3,312",16.94,5110,"16,951"
496,realme P3 5G,Space Silver,128 GB,6,"31,669",16.94,6000,"15,999"
497,vivo T4 Ultra 5G,Meteor Grey,256 GB,12,"3,068",16.94,5500,"37,999"
498,vivo T4 Ultra 5G,Meteor Grey,512 GB,12,"3,068",16.94,5500,"39,999"
499,Kechaoda K112,N/A,N/A,N/A,"31,732",6.1,3600,"1,899"
500,Samsung Galaxy F36 5G,Red,128 GB,6,"7,984",17.02,5000,"15,999"
501,Samsung Galaxy S24 Ultra 5G,Titanium Black,256 GB,12,"7,268",17.27,5000,"98,989"
502,REDMI 15 5G,Frosted White,256 GB,8,"2,064",17.53,7000,"16,750"
503,FONEME FM-2 F316,N/A,N/A,N/A,245,4.57,1000,549
504,Samsung Galaxy A36 5G,Awesome Black,256 GB,8,"1,677",17.02,5000,"31,499"
505,Tecno Spark Go 5G,Bikaner Red,128 GB,4,"1,210",17.12,6000,"10,999"
506,Google Pixel 10 Pro,Moonstone,256 GB,16,279,16.0,4870,"1,09,999"
507,Google Pixel 10 Pro,Obsidian,256 GB,16,279,16.0,4870,"1,09,999"
508,Kechaoda A26,N/A,N/A,N/A,"29,668",1.68,800,870
509,Kechaoda A26,N/A,N/A,N/A,"29,668",1.68,800,898
510,Google Pixel 10 Pro,Jade,256 GB,16,279,16.0,4870,"1,09,999"
511,Jio MOBILE PHONE KW201,N/A,N/A,N/A,270,4.5,1000,850
512,itel Ace 3 Shine,N/A,N/A,N/A,"1,462",4.57,1000,986
513,Samsung Galaxy F16 5G,Bling Black,128 GB,8,"3,338",16.91,5000,"15,499"
514,Tecno Spark 10 Pro,Lunar Eclipse,128 GB,8,"1,163",16.97,5000,"8,749"
515,realme 14 Pro+ 5G,Suede Grey,128 GB,8,"16,096",17.35,6000,"29,999"
516,POCO M7 Plus 5G,Carbon Black,128 GB,8,"2,846",17.53,7000,"13,999"
517,Samsung Galaxy A36 5G,Awesome Lavender,256 GB,8,"1,677",17.02,5000,"31,499"
518,REDMI A5,Jaisalmer Gold,128 GB,4,"4,176",17.48,5200,"7,499"
519,REDMI A5,Pondicherry Blue,128 GB,4,"4,176",17.48,5200,"7,499"
520,IQOO Z10 5G,Stellar Black,256 GB,8,"4,443",17.2,7300,"25,000"
521,REDMI 14C 5G,Stardust Purple,128 GB,4,"8,242",17.48,5160,"9,999"
522,Samsung Galaxy S25 Plus 5G,Silver Shadow,256 GB,12,186,17.02,4900,"74,999"
523,MOTOROLA A10V DS Keypad Phone with Voice Feature|800 mAh Battery|Wireless FM Recording,N/A,N/A,N/A,"9,162",4.57,800,985
524,MOTOROLA A300,N/A,N/A,N/A,17,5.08,1000,"1,699"
525,realme 15 Pro 5G,Velvet Green,256 GB,12,"4,262",17.27,7000,"35,999"
526,itel Super Guru 4G | King Media | Youtube | UPI,N/A,N/A,N/A,820,5.08,1000,"1,749"
527,realme 15 Pro 5G,Flowing Silver,512 GB,12,"4,262",17.27,7000,"38,999"
528,realme 15 Pro 5G,Flowing Silver,256 GB,8,"7,494",17.27,7000,"33,999"
529,realme 15 Pro 5G,Silk Purple,256 GB,12,"4,262",17.27,7000,"35,999"
530,Google Pixel 10 Pro,Moonstone,256 GB,16,279,16.0,4870,"1,09,999"
531,Google Pixel 10 Pro,Obsidian,256 GB,16,279,16.0,4870,"1,09,999"
532,Samsung Galaxy F36 5G,Black,128 GB,8,"3,976",17.02,5000,"17,499"
533,REDMI Note 14 5G,Titan Black,256 GB,8,"3,312",16.94,5110,"17,629"
534,REDMI Note 14 5G,Phantom Purple,256 GB,8,"3,312",16.94,5110,"17,908"
535,LAVA Shark 5G,stellar gold /steller gold,64 GB,4,234,17.02,5000,"7,960"
536,Google Pixel 10 Pro,Jade,256 GB,16,279,16.0,4870,"1,09,999"
537,Snexian Guru 310,N/A,N/A,N/A,"17,616",4.57,800,585
538,LAVA Bold N1 Pro,Titanium Gold,128 GB,4,232,16.76,5000,"7,429"
539,Kechaoda A26,N/A,N/A,N/A,"29,668",1.68,800,889
540,Kechaoda A26,N/A,N/A,N/A,"29,668",1.68,800,889
541,REDMI 14C 5G,Stardust Purple,128 GB,4,"8,242",17.48,5160,"10,193"
542,REDMI 14C 5G,Stargaze Black,128 GB,6,"8,495",17.48,5160,"10,839"
543,vivo T4 Ultra 5G,Meteor Grey,256 GB,8,"4,237",16.94,5500,"35,999"
544,Samsung Galaxy M56 5G,Light Green,128 GB,8,624,17.02,5000,"21,370"
545,Tecno Pova 7 5G,Geek Black,256 GB,8,"7,820",17.22,6000,"15,999"
546,realme 14 Pro+ 5G,Pearl White,256 GB,8,"16,096",17.35,6000,"25,999"
547,realme 14 Pro+ 5G,Suede Grey,256 GB,8,"16,096",17.35,6000,"25,999"
548,realme C85 5G,Peacock Green,128.0 GB,4,68,17.27,7000,"15,499"
549,realme C85 5G,Peacock Green,128.0 GB,6,62,17.27,7000,"16,999"
550,realme C85 5G,Parrot Purple,128.0 GB,6,62,17.27,7000,"16,999"
551,realme P4 5G,Engine Blue,128 GB,8,"11,520",17.2,7000,"18,999"
552,realme C85 5G,Peacock Green,128.0 GB,4,68,17.27,7000,"15,499"
553,Motorola g45 5G,Viva Magenta,128 GB,8,"2,47,036",16.51,5000,"11,999"
554,realme P4 5G,Engine Blue,128 GB,8,"11,520",17.2,7000,"18,999"
555,realme P4 5G,Forge Red,128 GB,8,"11,520",17.2,7000,"18,999"
556,Google Pixel 10 Pro,Moonstone,256 GB,16,279,16.0,4870,"1,09,999"
557,Google Pixel 10 Pro,Obsidian,256 GB,16,279,16.0,4870,"1,09,999"
558,realme P4 5G,Steel Grey,128 GB,8,"11,520",17.2,7000,"18,999"
559,realme P4 5G,Steel Grey,256 GB,8,"11,520",17.2,7000,"20,999"
560,Google Pixel 10 Pro,Jade,256 GB,16,279,16.0,4870,"1,09,999"
561,Kechaoda K28,N/A,N/A,N/A,"5,198",6.1,1700,"1,249"
562,Motorola G85 5G,Viva Magenta,128 GB,8,"2,54,695",16.94,5000,"15,999"
563,Tecno Pova 7 5G,Geek Black,256 GB,8,"7,820",17.22,6000,"15,999"
564,Jmax JOSH PRO,N/A,N/A,N/A,56,4.5,1000,699
565,LAVA Shark,Titanium Gold,64 GB,4,158,16.94,5000,"6,629"
566,REDMI A4,Starry Black,128 GB,6,"1,192",17.48,5160,"10,199"
567,Ai+ Nova 5G,Black,128 GB,6,"18,216",17.13,5000,"8,999"
568,MOTOROLA Moto A200,N/A,N/A,N/A,568,4.5,800,"1,179"
569,itel Ace2 Power,N/A,N/A,N/A,688,4.57,2500,"1,124"
570,realme 14 Pro+ 5G,Suede Grey,512 GB,12,"8,357",17.35,6000,"29,999"
571,Apple iPhone 16,Ultramarine,256 GB,N/A,"1,90,019",15.49,N/A,"79,900"
572,Samsung Galaxy A16 5G,Light Green,128 GB,6,"3,973",17.02,5000,"14,499"
573,Samsung Galaxy M35 5G,Thunder Grey,128 GB,8,"5,584",16.76,6000,"17,599"
574,OPPO A3x 5G,Sparkle Black,64 GB,4,"4,998",16.94,5100,"12,999"
575,KARBONN Jumbo K9,N/A,N/A,N/A,"16,434",6.6,1800,"1,299"
576,Google Pixel 10 Pro,Moonstone,256 GB,16,279,16.0,4870,"1,09,999"
577,Google Pixel 10 Pro,Obsidian,256 GB,16,279,16.0,4870,"1,09,999"
578,LAVA A1 Josh,N/A,N/A,N/A,"9,863",4.5,1000,894
579,POCO X7 5G,Cosmic Silver,128 GB,8,"27,062",16.94,5500,"17,999"
580,Google Pixel 10 Pro,Jade,256 GB,16,279,16.0,4870,"1,09,999"
581,IQOO Neo 10R 5G,MoonKnight Titanium,256 GB,12,"2,621",17.22,6400,"32,873"
582,REDMI A3X,Ocean Green,64 GB,3,"13,043",17.04,5000,"5,999"
583,vivo Y19 5G,Majestic Green,128 GB,4,"1,657",17.12,5500,"11,499"
584,MOTOROLA Edge 60 Pro,Pantone Walnut,256 GB,12,"12,687",17.02,6000,"33,999"
585,realme C85 5G,Peacock Green,128.0 GB,6,62,17.27,7000,"16,999"
586,realme C85 5G,Parrot Purple,128.0 GB,6,62,17.27,7000,"16,999"
587,Samsung Galaxy M35 5G,DayBreak Blue,128 GB,8,"5,584",16.76,6000,"17,888"
588,realme 14 Pro+ 5G,Bikaner Purple,128 GB,8,"16,096",17.35,6000,"29,999"
589,REDMI A3X,Olive Green,64 GB,4,"9,959",17.04,5000,"6,999"
590,REDMI A3X,Midnight Black,64 GB,3,"13,043",17.04,5000,"6,699"
591,Apple iPhone 17 Pro Max,Cosmic Orange,512 GB,N/A,360,17.53,N/A,"1,69,900"
592,Samsung Galaxy S25 5G,Silver Shadow,256 GB,12,"2,721",15.75,4000,"74,999"
593,Tecno Pova 7 Pro 5G,Geek Black,256 GB,8,"2,997",17.22,6000,"18,749"
594,OPPO F29 Pro 5G,Marble White,256 GB,8,"1,735",17.02,6000,"25,999"
595,vivo V60e,Noble Gold,256 GB,8,"1,550",17.2,6500,"31,999"
596,vivo V60e,Elite Purple,256 GB,12,626,17.2,6500,"33,999"
597,Tecno Pova 7 Pro 5G,Neon Cyan,256 GB,8,"2,997",17.22,6000,"18,749"
598,LAVA Storm Play 5G,Dune Titanium,128 GB,6,123,17.02,5000,"10,949"
599,REDMI A3X,Ocean Green,128 GB,4,"9,959",17.04,5000,"8,999"
600,Google Pixel 10 Pro,Moonstone,256 GB,16,279,16.0,4870,"1,09,999"
601,Google Pixel 10 Pro,Obsidian,256 GB,16,279,16.0,4870,"1,09,999"
602,Samsung Galaxy M06 5G,Sage Green,64 GB,4,102,17.02,5000,"8,679"
603,Apple iPhone 15,Pink,128 GB,N/A,"2,70,042",15.49,N/A,"51,999"
604,Samsung Galaxy M06 5G,Blazing Black,64 GB,4,102,17.02,5000,"8,679"
605,"Nokia 105 Single SIM, Keypad Mobile Phone with Wireless FM Radio",N/A,N/A,N/A,"1,81,140",4.5,800,"1,331"
606,Google Pixel 10 Pro,Jade,256 GB,16,279,16.0,4870,"1,09,999"
607,realme 15 5G,Flowing Silver,256 GB,12,463,17.27,7000,"29,999"
608,realme C85 5G,Parrot Purple,128.0 GB,4,68,17.27,7000,"15,499"
609,HOTLINE H310,N/A,N/A,N/A,"7,223",4.57,1000,499
610,Samsung Galaxy A16 5G,Gold,128 GB,6,"3,973",17.02,5000,"14,999"
611,Samsung Galaxy A07 LTE,Black,64 GB,4,15,17.02,5000,"7,299"
612,REDMI Note 14 5G,Titan Black,128 GB,8,"3,312",16.94,5110,"15,294"
613,Samsung Galaxy A16 5G,Blue Black,128 GB,6,"3,973",17.02,5000,"14,377"
614,itel Power 450 | 2.4 inch Big Display | 2500 mAh Battery | Type C Charging,N/A,N/A,N/A,"1,269",6.1,2500,"1,487"
615,LAVA Bold N1 Pro,Stealth Black,128 GB,4,232,16.76,5000,"7,424"
616,realme 15 5G,Flowing Silver,128 GB,8,"8,958",17.27,7000,"25,999"
617,realme 15 5G,Velvet Green,128 GB,8,"8,958",17.27,7000,"25,999"
618,realme 15 5G,Velvet Green,256 GB,8,"8,958",17.27,7000,"27,999"
619,realme 15 5G,Flowing Silver,256 GB,8,"8,958",17.27,7000,"27,999"
620,vivo T3 Lite 5G,Vibrant Green,128 GB,4,"72,931",16.66,5000,"10,499"
621,Samsung Galaxy S25 Ultra 5G,Titanium Whitesilver,256 GB,12,"2,471",17.53,5000,"1,09,950"
622,realme 15 5G,Silk Pink,256 GB,8,"8,958",17.27,7000,"27,999"
623,realme 15 5G,Silk Pink,128 GB,8,"8,958",17.27,7000,"25,999"
624,vivo Y19 5G,Titanium Silver,64 GB,4,"1,657",17.12,5500,"10,499"
625,Samsung Galaxy A07 LTE,Green,64 GB,4,15,17.02,5000,"7,575"
626,Google Pixel 10 Pro,Moonstone,256 GB,16,279,16.0,4870,"1,09,999"
627,Google Pixel 10 Pro,Obsidian,256 GB,16,279,16.0,4870,"1,09,999"
628,realme P4 Pro 5G,Birch Wood,128 GB,8,"15,044",17.27,7000,"23,999"
629,IQOO Z10 5G,Glacier Silver / Silver,128 GB,8,"4,443",17.02,7300,"21,748"
630,Google Pixel 10 Pro,Jade,256 GB,16,279,16.0,4870,"1,09,999"
631,vivo V60e,Noble Gold,256 GB,12,626,17.2,6500,"33,999"
632,REDMI A3X,Midnight Black,64 GB,4,"9,959",17.04,5000,"6,680"
633,Samsung Galaxy S25 Plus 5G,Navy,256 GB,12,186,17.02,4900,"74,999"
634,vivo V60e,Elite Purple,256 GB,8,"1,550",17.2,6500,"31,999"
635,Jmax JOSH PRO,N/A,N/A,N/A,56,4.5,1000,699
636,Samsung Galaxy F36 5G,Black,256 GB,8,"3,976",17.02,5000,"19,499"
637,Tecno Pova 7 5G,Magic Silver,256 GB,8,"7,820",17.22,6000,"15,999"
638,realme 14x 5G,Jewel Red,128 GB,6,"13,552",16.94,6000,"13,990"
639,POCO X7 Pro 5G,Obsidian Black,256 GB,12,"7,614",16.94,6550,"23,999"
640,IQOO Z10 5G,Glacier Silver,128 GB,8,"4,443",17.02,7300,"22,699"
641,REDMI A3X,Midnight Black,128 GB,4,"9,959",17.04,5000,"10,999"
642,OPPO A3x,Nebula Red,64 GB,4,"1,650",16.94,5100,"8,999"
643,realme Narzo 80 Pro 5G,Speed Silver,256 GB,8,765,17.2,6000,"20,334"
644,MOTOROLA Edge 60 Pro,Pantone Shadow,256 GB,12,"12,687",17.02,6000,"33,999"
645,Xiaomi 14 CIVI,Aqua Blue,512 GB,12,"1,102",16.64,4700,"36,999"
646,Infinix GT 30 Pro 5G+,Blade White,256 GB,8,"1,955",17.22,5500,"24,999"
647,REDMI 14C 5G,Starlight Blue,64 GB,4,"8,242",17.48,5160,"9,989"
648,Motorola Moto A10E,N/A,N/A,N/A,"8,992",4.57,800,"1,380"
649,Kechaoda K33,N/A,N/A,N/A,"11,067",3.56,800,989
650,Google Pixel 10 Pro,Moonstone,256 GB,16,279,16.0,4870,"1,09,999"
651,Google Pixel 10 Pro,Obsidian,256 GB,16,279,16.0,4870,"1,09,999"
652,REDMI 12,Jade Black,128 GB,6,"76,146",17.25,5000,"9,990"
653,"LAVA A5 2023 Keypad Mobile, LED Torch, FM Radio,Call Recording, Expandable Upto 32 GB",N/A,N/A,N/A,495,6.1,1000,998
654,REDMI 14C 5G,Stargaze Black,128 GB,4,"8,242",17.48,5160,"9,999"
655,LAVA Bold N1,Sparkling Ivory,64 GB,4,48,17.02,5000,"6,529"
656,Google Pixel 10 Pro,Jade,256 GB,16,279,16.0,4870,"1,09,999"
657,vivo Y19 5G,Majestic Green,128 GB,4,"1,657",17.12,5500,"11,499"
658,vivo Y19 5G,Titanium Silver,128 GB,4,"1,657",17.12,5500,"11,499"
659,OPPO Reno13 5G,Sky Blue,256 GB,8,"4,760",16.74,5600,"30,998"
660,Ai+ Nova 5G,Pink,128 GB,8,"2,969",17.13,5000,"9,999"
661,realme Narzo 80x 5G,Deep Ocean,128 GB,8,"2,090",17.07,6000,"13,487"
662,vivo T3 5G,Cosmic Blue,128 GB,8,"1,37,343",16.94,5000,"18,499"
663,vivo Y31 5G,Rose Red,128 GB,4,207,16.97,6500,"14,999"
664,vivo Y31 5G,Rose Red,128 GB,6,234,16.97,6500,"16,499"
665,realme P4 Pro 5G,Dark Oak Wood,256 GB,12,"3,198",17.27,7000,"27,999"
666,OPPO Reno13 5G,Blue,128 GB,8,"4,760",16.74,5600,"35,999"
667,Tecno Spark Go 5G,Turquoise Green,128 GB,4,"1,210",17.12,6000,"10,999"
668,Tecno Spark Go 5G,Ink Black,128 GB,4,"1,210",17.12,6000,"10,999"
669,Tecno Spark Go 2,Ink Black,64 GB,4,"2,011",16.94,5000,"7,499"
670,Tecno Spark Go 2,Veil White,64 GB,4,"2,011",16.94,5000,"7,499"
671,Infinix GT 30 Pro 5G+,Blade White,256 GB,8,"1,955",17.22,5500,"24,999"
672,Tecno Pova Slim 5G,Cool Black,128 GB,8,673,17.22,5160,"20,999"
673,Apple iPhone 16 Plus,Black,256 GB,N/A,"4,059",17.02,N/A,"81,999"
674,vivo T3 5G,Crystal Flake,128 GB,8,"1,37,343",16.94,5000,"18,499"
675,vivo T3 5G,Cosmic Blue,256 GB,8,"1,37,343",16.94,5000,"20,499"
676,Google Pixel 10 Pro,Moonstone,256 GB,16,279,16.0,4870,"1,09,999"
677,Google Pixel 10 Pro,Obsidian,256 GB,16,279,16.0,4870,"1,09,999"
678,realme Gt 7,Icesense Black,512 GB,12,221,17.22,7000,"43,889"
679,Samsung Galaxy A56 5G,Awesome Olive,256 GB,8,664,17.02,5000,"38,999"
680,Google Pixel 10 Pro,Jade,256 GB,16,279,16.0,4870,"1,09,999"
681,HOTLINE Amaze H312,N/A,N/A,N/A,"1,911",4.57,1050,499
682,POCO X7 5G,Cosmic Silver,256 GB,8,"27,062",16.94,5500,"18,999"
683,Apple iPhone 16 Plus,White,128 GB,N/A,"4,059",17.02,N/A,"71,999"
684,Samsung Galaxy M17 5G,Sapphire Black,128 GB,4,42,17.02,5000,"13,340"
685,vivo Y19 5G,Majestic Green,64 GB,4,"1,657",17.12,5500,"10,499"
686,Samsung Galaxy M17 5G,Moonlight Silver,128 GB,4,42,17.02,5000,"13,300"
687,vivo Y19 5G,Titanium Silver,64 GB,4,"1,657",17.12,5500,"10,499"
688,LAVA A1 Josh BOL,N/A,N/A,N/A,"22,811",5.08,1000,969
689,REDMI Note-14 Pro 5G,Phantom Purple,256 GB,8,447,16.94,5500,"23,134"
690,Tecno Spark Go 2,Ink Black,64 GB,3,97,16.94,5000,"6,699"
691,Tecno Spark Go 2,Turquoise Green,64 GB,3,97,16.94,5000,"6,699"
692,vivo Y31 5G,Diamond Green,128 GB,6,234,16.97,6500,"16,499"
693,Samsung Galaxy M17 5G,Sapphire Black,128 GB,6,49,17.02,5000,"14,690"
694,vivo Y31 5G,Diamond Green,128 GB,4,207,16.97,6500,"14,999"
695,vivo Y19 5G,Majestic Green,128 GB,6,266,17.12,5500,"12,999"
696,Google Pixel 10 Pro,Moonstone,256 GB,16,279,16.0,4870,"1,09,999"
697,Google Pixel 10 Pro,Obsidian,256 GB,16,279,16.0,4870,"1,09,999"
698,CAUL Car,N/A,N/A,N/A,45,4.5,1000,"1,650"
699,CAUL Car,N/A,N/A,N/A,45,4.5,1000,"1,650"
700,Google Pixel 10 Pro,Jade,256 GB,16,279,16.0,4870,"1,09,999"
701,realme Gt 7,Icesense Black,512 GB,12,221,17.22,7000,"43,889"
702,Samsung Galaxy M17 5G,Sapphire Black,128 GB,6,49,17.02,5000,"14,690"
703,realme Narzo 80x 5G,Deep Ocean,128 GB,6,"1,538",17.07,6000,"12,791"
704,vivo Y31 5G,Diamond Green,128 GB,6,234,16.97,6500,"16,499"
705,vivo V50e 5G,Pearl White,256 GB,8,"2,952",17.2,5600,"28,999"
706,vivo Y31 5G,Diamond Green,128 GB,4,207,16.97,6500,"14,999"
707,vivo Y19 5G,Majestic Green,128 GB,6,266,17.12,5500,"12,999"
708,OPPO A5x 5G,Laser White,64 GB,4,385,16.94,6000,"11,499"
709,OPPO A5x 5G,Laser White,128 GB,4,385,16.94,6000,"12,499"
710,realme P4x 5G,Matte Silver,128 GB,6,N/A,17.07,7000,"15,999"
711,Kechaoda K33,N/A,N/A,N/A,"11,067",3.66,800,998
712,Kechaoda K33,N/A,N/A,N/A,"11,067",3.56,800,998
713,vivo Y19 5G,Titanium Silver,128 GB,6,266,17.12,5500,"12,999"
714,Snexian Bold V1,N/A,N/A,N/A,336,4.57,1000,"2,280"
715,OPPO F29 Pro 5G,Marble White,256 GB,12,"1,059",17.02,6000,"23,999"
716,OPPO F27 Pro+,Dusk Pink,128 GB,8,"16,131",17.02,5000,"25,999"
717,vivo T3 5G,Crystal Flake,256 GB,8,"1,37,343",16.94,5000,"20,499"
718,Jio F320-B LYF,N/A,N/A,N/A,139,6.1,1500,"2,498"
719,realme Gt 7,Icesense Blue,512 GB,12,221,17.22,7000,"42,897"
720,Google Pixel 10 Pro,Moonstone,256 GB,16,279,16.0,4870,"1,09,999"
721,Google Pixel 10 Pro,Obsidian,256 GB,16,279,16.0,4870,"1,09,999"
722,Motorola Moto A10E,N/A,N/A,N/A,"8,992",4.57,800,"1,199"
723,Apple iPhone 16,Teal,256 GB,N/A,"1,90,019",15.49,N/A,"79,900"
724,realme Gt 7,Icesense Blue,512 GB,12,221,17.22,7000,"42,897"
725,Samsung Galaxy A56 5G,Awesome Light Gray,256 GB,8,664,17.02,5000,"38,999"
726,Google Pixel 10 Pro,Jade,256 GB,16,279,16.0,4870,"1,09,999"
727,Tecno Spark Go 2,Veil White,64 GB,3,97,16.94,5000,"6,699"
728,vivo V60e,Elite Purple,128 GB,8,"1,550",17.2,6500,"29,999"
729,realme Narzo 80x 5G,Sunlit Gold,128 GB,6,"1,538",17.07,6000,"12,350"
730,LAVA A1 Josh BOL,N/A,N/A,N/A,"22,811",5.08,1000,969
731,Samsung Galaxy A07 LTE,Light Violet,64 GB,4,15,17.02,5000,"7,448"
732,OPPO F29 Pro 5G,Granite Black,256 GB,12,"1,059",17.02,6000,"23,999"
733,leysky lvix l113-Pro Mini Android Phone,Black-White,16 GB,2,12,7.62,2000,"4,990"
734,Samsung Galaxy M17 5G,Moonlight Silver,128 GB,4,42,17.02,5000,"13,300"
735,realme P3 Pro 5G,Saturn Brown,256 GB,8,"16,706",17.35,6000,"21,999"
736,OPPO A3x 5G,Starry Purple,64 GB,4,"4,998",16.94,5100,"11,999"
737,realme 15T 5G,Silk Blue,128 GB,8,"4,848",16.69,7000,"22,999"
738,Snexian Bold V1,N/A,N/A,N/A,336,4.57,1000,"2,298"
739,realme P4 Pro 5G,Midnight Ivy,256 GB,8,"15,044",17.27,7000,"25,999"
740,realme P4 Pro 5G,Birch Wood,256 GB,8,"15,044",17.27,7000,"25,999"
741,realme P4 Pro 5G,Midnight Ivy,128 GB,8,"15,044",17.27,7000,"23,999"
742,Tecno Pova Slim 5G,Sky Blue,128 GB,8,673,17.22,5160,"20,999"
743,Tecno Pova Slim 5G,Slim White,128 GB,8,673,17.22,5160,"20,999"
744,realme P3 Pro 5G,Saturn Brown,128 GB,8,"16,706",17.35,6000,"18,999"
745,Apple iPhone 15 Plus,Pink,128 GB,N/A,"47,361",17.02,N/A,"59,999"
746,Google Pixel 10 Pro,Moonstone,256 GB,16,279,16.0,4870,"1,09,999"
747,Google Pixel 10 Pro,Obsidian,256 GB,16,279,16.0,4870,"1,09,999"
748,REDMI 14C 5G,Stargaze Black,64 GB,4,"8,242",17.48,5160,"9,700"
749,Jmax JOSH PRO,N/A,N/A,N/A,56,4.5,1000,699
750,Google Pixel 10 Pro,Jade,256 GB,16,279,16.0,4870,"1,09,999"
751,Samsung Galaxy M16 5G,Mint Green,128 GB,6,"1,151",17.02,5000,"16,499"
752,Jio Bharat V-4 -4g Phone,N/A,N/A,N/A,139,4.5,1000,779
753,REDMI 12,Pastel Blue,128 GB,6,"76,146",17.25,5000,"10,896"
754,realme P4 Pro 5G,Birch Wood,256 GB,12,"3,198",17.27,7000,"27,999"
755,LAVA A1 Vibe,2025 Dual SIM | 2' Inch Big Display | Long-Lasting AI Battery,N/A,N/A,311,5.08,1000,999
756,REDMI 14C 5G,Starlight Blue,128 GB,4,"8,242",17.48,5160,"9,999"
757,REDMI 14C 5G,Stardust Purple,64 GB,4,"8,242",17.48,5160,"8,999"
758,REDMI 14C 5G,Starlight Blue,128 GB,6,"8,495",17.48,5160,"10,999"
759,Samsung Galaxy M17 5G,Sapphire Black,128 GB,8,8,17.02,5000,"16,380"
760,vivo V50e 5G,Sapphire Blue,128 GB,8,"2,952",17.2,5600,"26,995"
761,Samsung Galaxy M17 5G,Moonlight Silver,128 GB,6,49,17.02,5000,"14,630"
762,Nokia 105 Classic with Charger,N/A,N/A,N/A,"10,122",4.5,800,"1,399"
763,Samsung Galaxy S25 Ultra 5G,Titanium Black,256 GB,12,"2,471",17.53,5000,"1,09,999"
764,OPPO F31 5G,Bloom Red,128 GB,8,"1,133",16.69,7000,"24,999"
765,realme 15T 5G,Flowing Silver,128 GB,8,"4,848",16.69,7000,"22,999"
766,Tecno Pop 9 5G,Azure Sky,64 GB,4,144,16.94,5000,"11,489"
767,LAVA Bold N1,Sparkling Ivory,64 GB,4,48,17.02,5000,"6,529"
768,Apple iPhone 16 Plus,Black,256 GB,N/A,"4,059",17.02,N/A,"81,999"
769,itel it5027 Slim Keypad Mobile | 2.4 inch Display| Type C Charging,N/A,N/A,N/A,"1,193",6.1,1200,"1,334"
770,Google Pixel 10 Pro,Moonstone,256 GB,16,279,16.0,4870,"1,09,999"
771,Google Pixel 10 Pro,Obsidian,256 GB,16,279,16.0,4870,"1,09,999"
772,Samsung Galaxy M16 5G,Blush Pink,128 GB,4,501,17.02,5000,"12,995"
773,POCO F6 5G,Black,256 GB,12,"8,872",16.94,5000,"31,999"
774,hmd 130 MUSIC Dual Sim,N/A,N/A,N/A,198,6.1,2500,"1,729"
775,LAVA Yuva 3 with Dual Sim|5000 mAh Battery|13MP Rear Camera |Expandable Upto 512 GB,Cosmic Lavender,...,4,514,16.51,5000,"6,389"
776,Google Pixel 10 Pro,Jade,256 GB,16,279,16.0,4870,"1,09,999"
777,Kechaoda K28,N/A,N/A,N/A,"5,198",6.1,1700,"1,249"
778,Kechaoda K28,N/A,N/A,N/A,"5,198",6.1,1700,"1,249"
779,Samsung Galaxy M07,Black,64 GB,4,8,17.02,5000,"6,999"
780,Infinix GT 30 Pro 5G+,Dark Flare,256 GB,8,"1,955",17.22,5500,"24,999"
781,"KARBONN K2Stylo,Dual SIM Keypad Mobile 2.4''LCD 1750mAh Battery Type C Memory Card 32GB",N/A,N/A,N/A,148,6.1,1750,"1,242"
782,Samsung S25 Ultra 5G,Titanium Gray,256 GB,12,323,17.53,5000,"1,09,999"
783,Kechaoda K33,N/A,N/A,N/A,"11,067",3.56,800,999
784,Samsung M55s 5G,Thunder Black,256 GB GB,N/A,22,17.27,5000,"19,699"
785,Ai+ Nova 5G,Green,128 GB,8,"2,969",17.13,5000,"9,999"
786,OPPO K13 Turbo 5G,Midnight Maverick,128 GB,8,"7,505",17.27,7000,"27,999"
787,LAVA Yuva Smart,Glossy Lavender,64 GB,3,257,17.14,5000,"6,499"
788,vivo V60 5G,Auspicious Gold,256 GB,8,"2,411",17.2,6500,"38,999"
789,Ai+ Nova 5G,Sparkle Red,128 GB,6,"18,216",17.13,5000,"8,999"
790,realme NARZO 80 Pro 5G,Racing Green,128 GB,8,765,17.02,6000,"18,228"
791,OPPO Reno13 5G,Ivory White,128 GB,8,"4,760",16.74,5600,"35,999"
792,itel A50C,Dawn Blue,32 GB,2,419,16.94,4000,"6,499"
793,vivo V60 5G,Auspicious Gold,256 GB,12,"1,123",17.2,6500,"40,999"
794,vivo T3 Pro 5G,Emerald Green,256 GB,8,"91,493",17.2,5500,"24,999"
795,itel A50C,Misty Aqua,32 GB,2,419,16.94,4000,"6,499"
796,Google Pixel 10 Pro,Moonstone,256 GB,16,279,16.0,4870,"1,09,999"
797,Google Pixel 10 Pro,Obsidian,256 GB,16,279,16.0,4870,"1,09,999"
798,REDMI 13C,Starfrost White,256 GB,8,"1,805",17.12,5000,"13,990"
799,Samsung Galaxy A17 5G,Gray,128 GB,6,221,17.02,5000,"17,999"
800,Google Pixel 10 Pro,Jade,256 GB,16,279,16.0,4870,"1,09,999"
801,OPPO A3x 5G,Starry Purple,128 GB,4,"4,998",16.94,5100,"11,499"
802,OPPO K13 Turbo 5G,Purple Phantom,128 GB,8,"7,505",17.27,7000,"27,999"
803,REDMI 14C 5G,Stardust Purple,128 GB,6,"8,495",17.48,5160,"10,999"
804,vivo V60 5G,Moonlit Blue,256 GB,8,"2,411",17.2,6500,"38,999"
805,Tecno Pova Curve 5G,Geek Black,128 GB,8,"1,214",17.22,5500,"17,999"
806,Tecno Pova Curve 5G,Neon Cyan,128 GB,6,"1,981",17.22,5500,"15,999"
807,Motorola g45 5G,Brilliant Green,128 GB,8,"2,47,036",16.51,5000,"11,999"
808,itel it2165s,N/A,N/A,N/A,"4,955",5.08,1200,978
809,REDMI 13 5G Prime Edition,Orchid Pink,128 GB,8,229,17.25,5030,"13,404"
810,Samsung Galaxy A16 5G,Gold,128 GB,8,"3,788",17.02,5000,"16,299"
811,Samsung Galaxy F16 5G,Glam Green,128 GB,8,"3,338",16.91,5000,"15,499"
812,vivo V60 5G,Moonlit Blue,512 GB,16,608,17.2,6500,"45,999"
813,POCO F6 5G,Titanium,256 GB,8,"14,289",16.94,5000,"20,999"
814,Samsung Galaxy F36 5G,Violet,128 GB,8,"3,976",17.02,5000,"17,499"
815,Infinix GT 30 5G+ Pulse Green 128,Pulse Green,128 GB,8,285,17.22,5500,"19,499"
816,Google Pixel 10 Pro,Moonstone,256 GB,16,279,16.0,4870,"1,09,999"
817,Google Pixel 10 Pro,Obsidian,256 GB,16,279,16.0,4870,"1,09,999"
818,HOTLINE H1282,N/A,N/A,N/A,999,4.57,1000,497
819,"Fuziqra Rock X Flip Dual Sim Keypad Mobile with 1.8""Display Flip/Fold Call & SMS",N/A,N/A,N/A,37,4.57,3000,"1,966"
820,Google Pixel 10 Pro,Jade,256 GB,16,279,16.0,4870,"1,09,999"
821,Google Pixel 6a,Chalk,128 GB,6,"75,995",15.6,4410,"25,999"
822,Kechaoda K28 PRO,N/A,N/A,N/A,264,6.1,3000,"1,249"
823,OPPO F31 Pro 5G,Desert Gold,128 GB,8,539,16.69,7000,"27,999"
824,OPPO A3 5G,Ocean Blue,128 GB,6,"1,450",16.94,5100,"14,699"
825,OPPO K13 Turbo Pro 5G,Silver Knight,256 GB,12,305,17.27,7000,"39,999"
826,Samsung Galaxy A36 5G,Awesome Lavender,256 GB,12,255,17.02,5000,"34,499"
827,Apple iPhone 16 Plus,Pink,256 GB,N/A,"4,059",17.02,N/A,"81,999"
828,OPPO K12x 5G with 45W SUPERVOOC Charger In-The-Box,Breeze Blue,128 GB,6,"1,92,378",16.94,5100,"12,999"
829,Samsung Galaxy M16 5G,Thunder Black,128 GB,6,"1,151",17.02,5000,"13,999"
830,OPPO A5 5G,Aurora Green,128 GB,8,95,16.94,6000,"17,999"
831,"Snectian Rock Z Flip Dual Sim |Keypad Mobile| with 2.4"" Display Call & SMS Indicator",N/A,N/A,N/A,282,6.1,1800,"2,116"
832,OPPO K13 Turbo Pro 5G,Purple Phantom,256 GB,8,144,17.27,7000,"37,999"
833,Samsung Galaxy A06 5G,Light Grey,64 GB,4,"2,250",17.02,5000,"9,999"
834,OPPO A17k,Navy Blue,64 GB,3,"16,384",16.66,5000,"7,999"
835,CMF by Nothing Phone 1,Light Green,128 GB,8,"27,773",16.94,5000,"17,999"
836,vivo X200 FE,Amber Yellow,512 GB,16,685,16.03,6500,"59,999"
837,OPPO A5 5G,Mist White,128 GB,8,95,16.94,6000,"17,999"
838,OPPO Reno 12 5G,Astro Silver,256 GB,8,"8,602",17.02,5000,"27,999"
839,OPPO K13 Turbo Pro 5G,Midnight Maverick,256 GB,8,144,17.27,7000,"37,999"
840,Google Pixel 10 Pro,Moonstone,256 GB,16,279,16.0,4870,"1,09,999"
841,Google Pixel 10 Pro,Obsidian,256 GB,16,279,16.0,4870,"1,09,999"
842,realme Gt 7,Icesense Blue,256 GB,12,221,17.22,7000,"38,474"
843,"KARBONN Sparkle2 Dual SIM Keypad Mobile 2''LCD,Camera,1000mAh Battery Expandable,32GB",N/A,N/A,N/A,53,5.08,1000,"1,024"
844,Motorola g45 5G,Brilliant Blue,128 GB,4,"52,549",16.51,5000,"10,999"
845,POCO X6 5G,Snowstorm White,256 GB,8,"29,578",16.94,5100,"21,999"
846,Google Pixel 10 Pro,Jade,256 GB,16,279,16.0,4870,"1,09,999"
847,LAVA A2 Smart,N/A,N/A,N/A,156,6.1,1200,"1,235"
848,Apple iPhone 15 Plus,Pink,128 GB,N/A,"47,361",17.02,N/A,"59,999"
849,realme 15T 5G,Flowing Silver,256 GB,8,"4,848",16.69,7000,"24,999"
850,Ai+ Nova 5G,Blue,128 GB,8,"2,969",17.13,5000,"9,999"
851,Tecno Pova Curve 5G,Magic Silver,128 GB,8,"1,214",17.22,5500,"17,999"
852,GFive FLASH,N/A,N/A,N/A,387,7.11,3000,947
853,Kechaoda K33,N/A,N/A,N/A,"11,067",3.56,800,999
854,realme NARZO 80 Pro 5G,Racing Green,128 GB,8,765,17.02,6000,"18,228"
855,Samsung Galaxy S25 Ultra 5G,Titanium Silverblue,256 GB,12,"2,471",17.53,5000,"1,09,986"
856,LAVA Storm Lite 5G,Cosmic Titanium,128 GB,4,61,17.02,5000,"8,980"
857,Samsung A16 5G,Blue Black,128 GB,6,85,17.02,5000,"14,470"
858,Xiaomi 14 CIVI,Panda White,512 GB,12,"1,102",16.64,4700,"36,999"
859,Tecno Pova Curve 5G,Magic Silver,128 GB,6,"1,981",17.22,5500,"15,999"
860,realme C63,Jade Green,128 GB,4,"11,850",17.13,5000,"8,999"
861,Samsung Galaxy S24 Ultra 5G,Titanium Gray,256 GB,12,"7,268",17.27,5000,"98,989"
862,Snexian GURU 312,N/A,N/A,N/A,"7,791",4.57,800,619
863,REDMI Note-14 Pro+ 5G,Titan Black,512 GB,12,382,16.94,6200,"31,440"
864,Samsung Galaxy A17 5G,Blue,128 GB,8,229,17.02,5000,"19,494"
865,Xiaomi 14 CIVI,Panda White,512 GB,12,"1,102",16.64,4700,"36,999"
866,Google Pixel 10 Pro,Moonstone,256 GB,16,279,16.0,4870,"1,09,999"
867,Google Pixel 10 Pro,Obsidian,256 GB,16,279,16.0,4870,"1,09,999"
868,GFive FLASH,N/A,N/A,N/A,387,7.11,3000,899
869,realme C73 5G,Crystal Purple,128 GB,4,"1,377",16.94,6000,"12,499"
870,Google Pixel 10 Pro,Jade,256 GB,16,279,16.0,4870,"1,09,999"
871,Samsung Galaxy F17 5G,Violet Pop,128 GB,4,46,17.02,5000,"14,499"
872,MOTOROLA Moto A200,N/A,N/A,N/A,568,4.5,800,"1,449"
873,Infinix HOT 60i 5G,Shadow Blue,128 GB,4,"1,128",17.14,6000,"9,999"
874,OPPO A5x 5G,Midnight Blue,128 GB,6,238,16.94,6000,"13,999"
875,LAVA Blaze Dragon 5G,Golden Mist,128 GB,6,26,17.14,5000,"9,499"
876,Motorola g45 5G,Brilliant Blue,128 GB,4,"52,549",16.51,5000,"10,999"
877,vivo V60 5G,Moonlit Blue,256 GB,12,"1,123",17.2,6500,"40,999"
878,realme P3 Pro 5G,Galaxy Purple,128 GB,8,"16,706",17.35,6000,"18,999"
879,Tecno Pova Curve 5G,Magic Silver,128 GB,6,"1,981",17.22,5500,"15,999"
880,POCO X7 5G,Glacier Green,128 GB,8,"27,062",16.94,5500,"17,999"
881,OnePlus 15 5G,Infinite Black,256 GB,12,12,17.22,7300,"72,989"
882,realme Narzo 80 Pro 5G,Speed Silver,256 GB,12,124,17.2,6000,"22,795"
883,realme 70 TURBO 5G,Turbo Yellow,128 GB,6,"6,341",16.94,5000,"15,999"
884,REDMI Note 14 5G,Phantom Purple,128 GB,6,"2,968",16.94,5110,"15,496"
885,OPPO K13 Turbo 5G,Purple Phantom,256 GB,8,"7,505",17.27,7000,"29,999"
886,OPPO F31 5G,Midnight Blue,256 GB,8,"1,133",16.69,7000,"26,999"
887,Samsung Galaxy A55 5G,Awesome Iceblue,256 GB,12,647,16.76,5000,"33,990"
888,OPPO F31 5G,Midnight Blue,256 GB,8,"1,133",16.69,7000,"26,999"
889,Samsung Galaxy A55 5G,Awesome Iceblue,256 GB,12,647,16.76,5000,"33,990"
890,Google Pixel 10 Pro,Moonstone,256 GB,16,279,16.0,4870,"1,09,999"
891,Google Pixel 10 Pro,Obsidian,256 GB,16,279,16.0,4870,"1,09,999"
892,realme NARZO 80 Pro 5G,Speed Silver,128 GB,8,765,17.02,6000,"18,633"
893,REDMI Note 14 5G,Phantom Purple,128 GB,6,"2,968",16.94,5110,"15,496"
894,oneme BOLD,golden,16 GB,2,N/A,7.62,2000,"4,800"
895,Fuziqra Rock Z Flip Dual Sim Keypad Mobile with2.4Display Flip Fold Call & SMS Indicator,N/A,N/A,N/A,7,6.1,1800,"1,999"
896,Google Pixel 10 Pro,Jade,256 GB,16,279,16.0,4870,"1,09,999"
897,realme 70 TURBO 5G,Turbo Green,256 GB,12,522,16.94,5000,"21,591"
898,LAVA Blaze Dragon 5G,Midnight Mist,128 GB,6,26,17.14,5000,"9,499"
899,Apple iPhone 15 Plus,Black,128 GB,N/A,"47,361",17.02,N/A,"59,999"
900,realme C63,Leather Blue,128 GB,4,"11,850",17.13,5000,"8,999"
901,LAVA Blaze Dragon 5G,Golden Mist,128 GB,6,26,17.14,5000,"9,499"
902,Nokia 220 DS 4G,N/A,N/A,N/A,"1,170",7.11,1450,"3,998"
903,POCO M7 Plus 5G,Chrome Silver,128 GB,4,"1,010",17.53,7000,"11,999"
904,Google Pixel 6a,Charcoal,128 GB,6,"75,995",15.6,4410,"43,999"
905,CMF by Nothing Phone 1,Blue,128 GB,6,"84,583",16.94,5000,"15,999"
906,CMF by Nothing Phone 1,Black,128 GB,6,"84,583",16.94,5000,"15,999"
907,REDMI Note 14 5G,Phantom Purple,128 GB,8,"3,312",16.94,5110,"17,299"
908,REDMI Note-14 Pro+ 5G,Phantom Purple,128 GB,8,444,16.94,6200,"26,296"
909,vivo Y22,Starlit Blue,128 GB,4,"2,457",16.64,5000,"13,499"
910,vivo Y22,Starlit Blue,64 GB,4,"2,457",16.64,5000,"10,900"
911,Kechaoda K300,N/A,N/A,N/A,283,3.3,800,998
912,realme C63,Leather Blue,128 GB,4,"11,850",17.13,5000,"8,999"
913,realme 70 TURBO 5G,Turbo Green,256 GB,12,522,16.94,5000,"21,591"
914,oneme BOLD,golden,16 GB,2,N/A,7.62,2000,"4,800"
915,Tecno Pova 6 Neo 5G,Azure Sky,256 GB,8,718,16.94,5000,"13,999"
916,Google Pixel 10 Pro,Moonstone,256 GB,16,279,16.0,4870,"1,09,999"
917,Google Pixel 10 Pro,Obsidian,256 GB,16,279,16.0,4870,"1,09,999"
918,realme GT 7T,IceSense Blue,512 GB,12,291,17.27,7000,"41,999"
919,OnePlus 15 5G,Ultra Violet,256 GB,12,12,17.22,7300,"73,125"
920,Google Pixel 10 Pro,Jade,256 GB,16,279,16.0,4870,"1,09,999"
921,Samsung Galaxy A17 5G,Blue,256 GB,8,229,17.02,5000,"22,380"
922,HOTLINE POWER,N/A,N/A,N/A,333,4.57,3000,890
923,Samsung Galaxy S24 Ultra 5G,Titanium Violet,256 GB,12,"7,268",17.27,5000,"1,19,999"
924,Kechaoda K115,N/A,N/A,N/A,"42,797",3.66,850,989
925,Ai+ Nova 5G,Green,128 GB,6,"18,216",17.13,5000,"8,999"
926,Google Pixel 6a,Charcoal,128 GB,6,"75,995",15.6,4410,"43,999"
927,"TOUCH 18 Rock Z Flip Dual Sim |Keypad Mobile| with 2.4"" Display Call & SMS Indicator",N/A,N/A,N/A,249,6.1,1800,"2,116"
928,Samsung M36 5G,Orange Haze / Orange,128 GB,6,"1,236",17.02,5000,"17,995"
929,REDMI Note 14 Pro+ 5G,Champagne Gold,128 GB,8,"2,890",16.94,6200,"26,999"
930,realme 15T 5G,Suit Titanium,256 GB,8,"4,848",16.69,7000,"24,999"
931,Apple iPhone 16 Plus,White,256 GB,N/A,"4,059",17.02,N/A,"81,999"
932,realme 15T 5G,Silk Blue,256 GB,8,"4,848",16.69,7000,"24,999"
933,REDMI Note 13 Pro+ 5G,Fusion Black,256 GB,12,"11,879",16.94,5000,"26,990"
934,realme GT 7T,IceSense Blue,256 GB,8,461,17.27,7000,"34,999"
935,realme 14 Pro Lite 5G,Glass Purple,128 GB,8,707,17.02,5200,"21,999"
936,Google Pixel 10 Pro,Moonstone,256 GB,16,279,16.0,4870,"1,09,999"
937,Google Pixel 10 Pro,Obsidian,256 GB,16,279,16.0,4870,"1,09,999"
938,Motorola g52,Charcoal Grey,64 GB,4,"19,720",16.76,5000,"10,999"
939,realme 15T 5G,Silk Blue,256 GB,8,"4,848",16.69,7000,"24,999"
940,Google Pixel 10 Pro,Jade,256 GB,16,279,16.0,4870,"1,09,999"
941,Ai+ Nova 5G,Purple,128 GB,8,"2,969",17.13,5000,"9,999"
942,Kechaoda K115,N/A,N/A,N/A,"42,797",3.66,850,989
943,Samsung Galaxy F36 5G,Red,128 GB,8,"3,976",17.02,5000,"17,499"
944,Samsung M36 5G,Velvet Black / Black,128 GB,8,254,17.02,5000,"16,840"
945,Apple iPhone 17 Pro,Silver,512 GB,N/A,564,16.0,N/A,"1,54,900"
946,HOTLINE POWER,N/A,N/A,N/A,333,4.57,3000,799
947,CMF by Nothing Phone 1,Black,128 GB,8,"27,773",16.94,5000,"17,999"
948,CMF by Nothing Phone 1,Orange,128 GB,6,"84,583",16.94,5000,"15,999"
949,CMF by Nothing Phone 1,Orange,128 GB,8,"27,773",16.94,5000,"17,999"
950,"TOUCH 18 Rock Z Flip Dual Sim |Keypad Mobile| with 2.4"" Display Call & SMS Indicator",N/A,N/A,N/A,249,6.1,1800,"2,116"
951,CMF by Nothing Phone 1,Blue,128 GB,8,"27,773",16.94,5000,"17,999"
952,HOTLINE POWER,N/A,N/A,N/A,333,4.57,3000,890
953,HOTLINE Power,N/A,N/A,N/A,333,4.57,3000,799
954,vivo Y31 Pro 5G,Dreamy White,256 GB,8,162,17.07,6500,"20,999"
955,vivo Y31 Pro 5G,Mocha Brown,256 GB,8,162,17.07,6500,"20,999"
956,realme C73 5G,Onyx Black,128 GB,4,"1,377",16.94,6000,"11,290"
957,itel A70 | 5000 mAh Battery |13MP Dual Rear Camera | Type C Charging,Field Green,64 GB,4,"3,163",16.66,5000,"7,090"
958,POCO X7 Pro 5G,Obsidian Black,256 GB,8,"15,312",16.94,6550,"21,999"
959,Samsung Galaxy M35 5G,DayBreak Blue,128 GB,6,"28,716",16.76,6000,"16,999"
960,Google Pixel 10 Pro,Moonstone,256 GB,16,279,16.0,4870,"1,09,999"
961,Google Pixel 10 Pro,Obsidian,256 GB,16,279,16.0,4870,"1,09,999"
962,LAVA A1 Music,N/A,N/A,N/A,13,5.08,1000,"1,009"
963,Samsung Galaxy F36 5G,Red,128 GB,8,"3,976",17.02,5000,"17,499"
964,MTR m16 pro,N/A,N/A,3,14,10.16,2000,"4,600"
965,MTR m16 pro,N/A,N/A,3,14,10.16,2000,"4,600"
966,Google Pixel 10 Pro,Jade,256 GB,16,279,16.0,4870,"1,09,999"
967,Kechaoda K300,N/A,N/A,N/A,283,3.3,800,998
968,Tecno Pova 6 Neo 5G,Midnight Shadow,128 GB,6,"5,714",16.94,5000,"11,999"
969,Samsung Galaxy A36 5G,Awesome Lavender,128 GB,8,"1,677",17.02,5000,"28,499"
970,OnePlus Nord 4 5G,Mercurial Silver,256 GB,8,"4,621",17.12,5500,"26,699"
971,Samsung Galaxy Z Flip6 5G,Blue,512 GB,12,192,17.02,4000,"95,499"
972,OPPO Reno11 Pro 5G,Rock Grey,256 GB,12,"3,875",17.02,4600,"34,998"
973,Kechaoda K28,N/A,N/A,N/A,"5,198",6.1,1700,"1,290"
974,Infinix Zero 40 5G,Violet Garden,256 GB,12,"1,781",17.22,5000,"25,999"
975,BlackZone ECO X,N/A,N/A,N/A,"9,043",4.5,1100,"1,549"
976,Jmax Prime 1,N/A,N/A,N/A,216,6.1,2250,990
977,CMF by Nothing Phone 1,Black,128 GB,8,"27,773",16.94,5000,"17,999"
978,OPPO Reno14 5G,Pearl White,512 GB,12,"3,598",16.74,6000,"44,999"
979,OPPO F31 5G,Cloud Green,128 GB,8,"1,133",16.69,7000,"24,999"
980,Kechaoda A27,N/A,N/A,N/A,"15,738",1.68,800,930
981,vivo Y400 5G,Olive Green,128 GB,8,480,16.94,6000,"22,999"
982,Motorola Edge 50 Pro 5G with 125W Charger,Luxe Lavender,256 GB,12,"68,477",17.02,4500,"29,999"
983,Motorola e13,Cosmic Black,64 GB,4,"1,08,275",16.51,5000,"6,999"
